Division,District,Upazila,Union
Chattagram,Cumilla,Debidwar,Subil
Chattagram,Cumilla,Debidwar,North Gunaighor
Chattagram,Cumilla,Debidwar,South Gunaighor
Chattagram,Cumilla,Debidwar,Boroshalghor
Chattagram,Cumilla,Debidwar,Rajameher
Chattagram,Cumilla,Debidwar,Yousufpur
Chattagram,Cumilla,Debidwar,Rasulpur
Chattagram,Cumilla,Debidwar,Fatehabad
Chattagram,Cumilla,Debidwar,Elahabad
Chattagram,Cumilla,Debidwar,Jafargonj
Chattagram,Cumilla,Debidwar,Dhampti
Chattagram,Cumilla,Debidwar,Mohanpur
Chattagram,Cumilla,Debidwar,Vani
Chattagram,Cumilla,Debidwar,Barkamta
Chattagram,Cumilla,Debidwar,Sultanpur
Chattagram,Cumilla,Barura,Aganagar
Chattagram,Cumilla,Barura,Bhabanipur
Chattagram,Cumilla,Barura,North Khoshbas
Chattagram,Cumilla,Barura,South Khoshbas
Chattagram,Cumilla,Barura,Jhalam
Chattagram,Cumilla,Barura,Chitodda
Chattagram,Cumilla,Barura,North Shilmuri
Chattagram,Cumilla,Barura,South Shilmuri
Chattagram,Cumilla,Barura,Galimpur
Chattagram,Cumilla,Barura,Shakpur
Chattagram,Cumilla,Barura,Bhaukshar
Chattagram,Cumilla,Barura,Adda
Chattagram,Cumilla,Barura,Adra
Chattagram,Cumilla,Barura,Payalgacha
Chattagram,Cumilla,Barura,Laxmipur
Chattagram,Cumilla,Brahmanpara,Shidli
Chattagram,Cumilla,Brahmanpara,Chandla
Chattagram,Cumilla,Brahmanpara,Shashidal
Chattagram,Cumilla,Brahmanpara,Dulalpur
Chattagram,Cumilla,Brahmanpara,Brahmanpara Sadar
Chattagram,Cumilla,Brahmanpara,Shahebabad
Chattagram,Cumilla,Brahmanpara,Malapara
Chattagram,Cumilla,Brahmanpara,Madhabpur
Chattagram,Cumilla,Chandina,Shuhilpur
Chattagram,Cumilla,Chandina,Bataghashi
Chattagram,Cumilla,Chandina,Joag
Chattagram,Cumilla,Chandina,Borcarai
Chattagram,Cumilla,Chandina,Madhaiya
Chattagram,Cumilla,Chandina,Dollai Nowabpur
Chattagram,Cumilla,Chandina,Mohichial
Chattagram,Cumilla,Chandina,Gollai
Chattagram,Cumilla,Chandina,Keronkhal
Chattagram,Cumilla,Chandina,Maijkhar
Chattagram,Cumilla,Chandina,Etberpur
Chattagram,Cumilla,Chandina,Barera
Chattagram,Cumilla,Chandina,Borcoit
Chattagram,Cumilla,Chauddagram,Sreepur
Chattagram,Cumilla,Chauddagram,Kashinagar
Chattagram,Cumilla,Chauddagram,Kalikapur
Chattagram,Cumilla,Chauddagram,Shuvapur
Chattagram,Cumilla,Chauddagram,Ghulpasha
Chattagram,Cumilla,Chauddagram,Moonshirhat
Chattagram,Cumilla,Chauddagram,Batisha
Chattagram,Cumilla,Chauddagram,Kankapait
Chattagram,Cumilla,Chauddagram,Cheora
Chattagram,Cumilla,Chauddagram,Jagannatdighi
Chattagram,Cumilla,Chauddagram,Goonabati
Chattagram,Cumilla,Chauddagram,Alkara
Chattagram,Cumilla,Daudkandi,Doulotpur
Chattagram,Cumilla,Daudkandi,Daudkandi
Chattagram,Cumilla,Daudkandi,North Eliotgonj
Chattagram,Cumilla,Daudkandi,South Eliotgonj
Chattagram,Cumilla,Daudkandi,Zinglatoli
Chattagram,Cumilla,Daudkandi,Sundolpur
Chattagram,Cumilla,Daudkandi,Gouripur
Chattagram,Cumilla,Daudkandi,East Mohammadpur
Chattagram,Cumilla,Daudkandi,West Mohammadpur
Chattagram,Cumilla,Daudkandi,Goalmari
Chattagram,Cumilla,Daudkandi,Maruka
Chattagram,Cumilla,Daudkandi,Betessor
Chattagram,Cumilla,Daudkandi,Podua
Chattagram,Cumilla,Daudkandi,West Passgacia
Chattagram,Cumilla,Daudkandi,Baropara
Chattagram,Cumilla,Homna,Mathabanga
Chattagram,Cumilla,Homna,Gagutiea
Chattagram,Cumilla,Homna,Asadpur
Chattagram,Cumilla,Homna,Chanderchor
Chattagram,Cumilla,Homna,Vashania
Chattagram,Cumilla,Homna,Nilokhi
Chattagram,Cumilla,Homna,Garmora
Chattagram,Cumilla,Homna,Joypur
Chattagram,Cumilla,Homna,Dulalpur
Chattagram,Cumilla,Laksam,Bakoi
Chattagram,Cumilla,Laksam,Mudafargonj
Chattagram,Cumilla,Laksam,Kandirpar
Chattagram,Cumilla,Laksam,Gobindapur
Chattagram,Cumilla,Laksam,Uttarda
Chattagram,Cumilla,Laksam,Laksam Purba
Chattagram,Cumilla,Laksam,Azgora
Chattagram,Cumilla,Muradnagar,Sreekil
Chattagram,Cumilla,Muradnagar,Akubpur
Chattagram,Cumilla,Muradnagar,Andicot
Chattagram,Cumilla,Muradnagar,Purbadair (East)
Chattagram,Cumilla,Muradnagar,Purbadair (West)
Chattagram,Cumilla,Muradnagar,Bangara (East)
Chattagram,Cumilla,Muradnagar,Bangara (West)
Chattagram,Cumilla,Muradnagar,Chapitala
Chattagram,Cumilla,Muradnagar,Camalla
Chattagram,Cumilla,Muradnagar,Jatrapur
Chattagram,Cumilla,Muradnagar,Ramachandrapur (North)
Chattagram,Cumilla,Muradnagar,Ramachandrapur (South)
Chattagram,Cumilla,Muradnagar,Muradnagar Sadar
Chattagram,Cumilla,Muradnagar,Nobipur (East)
Chattagram,Cumilla,Muradnagar,Nobipur (West)
Chattagram,Cumilla,Muradnagar,Damgar
Chattagram,Cumilla,Muradnagar,Jahapur
Chattagram,Cumilla,Muradnagar,Salikandi
Chattagram,Cumilla,Muradnagar,Darura
Chattagram,Cumilla,Muradnagar,Paharpur
Chattagram,Cumilla,Muradnagar,Babutipara
Chattagram,Cumilla,Muradnagar,Tanki
Chattagram,Cumilla,Nangalkot,Bangadda
Chattagram,Cumilla,Nangalkot,Paria
Chattagram,Cumilla,Nangalkot,Raykot
Chattagram,Cumilla,Nangalkot,Mokara
Chattagram,Cumilla,Nangalkot,Makrabpur
Chattagram,Cumilla,Nangalkot,Heshakhal
Chattagram,Cumilla,Nangalkot,Adra
Chattagram,Cumilla,Nangalkot,Judda
Chattagram,Cumilla,Nangalkot,Dhalua
Chattagram,Cumilla,Nangalkot,Doulkha
Chattagram,Cumilla,Nangalkot,Boxgonj
Chattagram,Cumilla,Nangalkot,Satbaria
Chattagram,Cumilla,Comilla Sadar,Kalirbazer
Chattagram,Cumilla,Comilla Sadar,North Durgapur
Chattagram,Cumilla,Comilla Sadar,South Durgapur
Chattagram,Cumilla,Comilla Sadar,Amratoli
Chattagram,Cumilla,Comilla Sadar,Panchthubi
Chattagram,Cumilla,Comilla Sadar,Jagannatpur
Chattagram,Cumilla,Meghna,Chandanpur
Chattagram,Cumilla,Meghna,Chalibanga
Chattagram,Cumilla,Meghna,Radanagar
Chattagram,Cumilla,Meghna,Manikarchar
Chattagram,Cumilla,Meghna,Barakanda
Chattagram,Cumilla,Meghna,Govindapur
Chattagram,Cumilla,Meghna,Luterchar
Chattagram,Cumilla,Meghna,Vaorkhola
Chattagram,Cumilla,Monohargonj,Baishgaon
Chattagram,Cumilla,Monohargonj,Shoroshpur
Chattagram,Cumilla,Monohargonj,Hasnabad
Chattagram,Cumilla,Monohargonj,Jholam (North)
Chattagram,Cumilla,Monohargonj,Jholam (South)
Chattagram,Cumilla,Monohargonj,Moishatua
Chattagram,Cumilla,Monohargonj,Lokkhanpur
Chattagram,Cumilla,Monohargonj,Khela
Chattagram,Cumilla,Monohargonj,Uttarhowla
Chattagram,Cumilla,Monohargonj,Natherpetua
Chattagram,Cumilla,Monohargonj,Bipulashar
Chattagram,Cumilla,Sadarsouth,Chuwara
Chattagram,Cumilla,Sadarsouth,Baropara
Chattagram,Cumilla,Sadarsouth,Jorkanoneast
Chattagram,Cumilla,Sadarsouth,Goliara
Chattagram,Cumilla,Sadarsouth,Jorkanonwest
Chattagram,Cumilla,Sadarsouth,Bagmara (North)
Chattagram,Cumilla,Sadarsouth,Bagmara (South)
Chattagram,Cumilla,Sadarsouth,Bhuloin (North)
Chattagram,Cumilla,Sadarsouth,Bhuloin (South)
Chattagram,Cumilla,Sadarsouth,Belgor (North)
Chattagram,Cumilla,Sadarsouth,Belgor (South)
Chattagram,Cumilla,Sadarsouth,Perul (North)
Chattagram,Cumilla,Sadarsouth,Perul (South)
Chattagram,Cumilla,Sadarsouth,Bijoypur
Chattagram,Cumilla,Titas,Satani
Chattagram,Cumilla,Titas,Jagatpur
Chattagram,Cumilla,Titas,Balorampur
Chattagram,Cumilla,Titas,Karikandi
Chattagram,Cumilla,Titas,Kalakandi
Chattagram,Cumilla,Titas,Vitikandi
Chattagram,Cumilla,Titas,Narayandia
Chattagram,Cumilla,Titas,Zearkandi
Chattagram,Cumilla,Titas,Majidpur
Chattagram,Cumilla,Burichang,Moynamoti
Chattagram,Cumilla,Burichang,Varella
Chattagram,Cumilla,Burichang,Mokam
Chattagram,Cumilla,Burichang,Burichang Sadar
Chattagram,Cumilla,Burichang,Bakshimul
Chattagram,Cumilla,Burichang,Pirjatrapur
Chattagram,Cumilla,Burichang,Sholonal
Chattagram,Cumilla,Burichang,Rajapur
Chattagram,Cumilla,Lalmai,Bagmara (North)
Chattagram,Cumilla,Lalmai,Bagmara (South)
Chattagram,Cumilla,Lalmai,Bhuloin (North)
Chattagram,Cumilla,Lalmai,Bhuloin (South)
Chattagram,Cumilla,Lalmai,Belgor (North)
Chattagram,Cumilla,Lalmai,Belgor (South)
Chattagram,Cumilla,Lalmai,Perul (North)
Chattagram,Cumilla,Lalmai,Perul (South)
Chattagram,Feni,Chhagalnaiya,Mohamaya
Chattagram,Feni,Chhagalnaiya,Pathannagar
Chattagram,Feni,Chhagalnaiya,Subhapur
Chattagram,Feni,Chhagalnaiya,Radhanagar
Chattagram,Feni,Chhagalnaiya,Gopal
Chattagram,Feni,Feni Sadar,Sarishadi
Chattagram,Feni,Feni Sadar,Panchgachia
Chattagram,Feni,Feni Sadar,Dhormapur
Chattagram,Feni,Feni Sadar,Kazirbag
Chattagram,Feni,Feni Sadar,Kalidah
Chattagram,Feni,Feni Sadar,Baligaon
Chattagram,Feni,Feni Sadar,Dholia
Chattagram,Feni,Feni Sadar,Lemua
Chattagram,Feni,Feni Sadar,Chonua
Chattagram,Feni,Feni Sadar,Motobi
Chattagram,Feni,Feni Sadar,Fazilpur
Chattagram,Feni,Feni Sadar,Forhadnogor
Chattagram,Feni,Sonagazi,Charmozlishpur
Chattagram,Feni,Sonagazi,Bogadana
Chattagram,Feni,Sonagazi,Motigonj
Chattagram,Feni,Sonagazi,Mongolkandi
Chattagram,Feni,Sonagazi,Chardorbesh
Chattagram,Feni,Sonagazi,Chorchandia
Chattagram,Feni,Sonagazi,Sonagazi
Chattagram,Feni,Sonagazi,Amirabad
Chattagram,Feni,Sonagazi,Nababpur
Chattagram,Feni,Fulgazi,Fulgazi
Chattagram,Feni,Fulgazi,Munshirhat
Chattagram,Feni,Fulgazi,Dorbarpur
Chattagram,Feni,Fulgazi,Anandopur
Chattagram,Feni,Fulgazi,Amzadhat
Chattagram,Feni,Fulgazi,Gmhat
Chattagram,Feni,Parshuram,Mizanagar
Chattagram,Feni,Parshuram,Ctholia
Chattagram,Feni,Parshuram,Boxmahmmud
Chattagram,Feni,Daganbhuiyan,Sindurpur
Chattagram,Feni,Daganbhuiyan,Rajapur
Chattagram,Feni,Daganbhuiyan,Purbachandrapur
Chattagram,Feni,Daganbhuiyan,Ramnagar
Chattagram,Feni,Daganbhuiyan,Yeakubpur
Chattagram,Feni,Daganbhuiyan,Daganbhuiyan
Chattagram,Feni,Daganbhuiyan,Matubhuiyan
Chattagram,Feni,Daganbhuiyan,Jayloskor
Chattagram,Brahmanbaria,Brahmanbaria Sadar,Basudeb
Chattagram,Brahmanbaria,Brahmanbaria Sadar,Machihata
Chattagram,Brahmanbaria,Brahmanbaria Sadar,Sultanpur
Chattagram,Brahmanbaria,Brahmanbaria Sadar,Ramrail
Chattagram,Brahmanbaria,Brahmanbaria Sadar,Sadekpur
Chattagram,Brahmanbaria,Brahmanbaria Sadar,Talsahar
Chattagram,Brahmanbaria,Brahmanbaria Sadar,Natai
Chattagram,Brahmanbaria,Brahmanbaria Sadar,Natai
Chattagram,Brahmanbaria,Brahmanbaria Sadar,Shuhilpur
Chattagram,Brahmanbaria,Brahmanbaria Sadar,Bodhal
Chattagram,Brahmanbaria,Brahmanbaria Sadar,Majlishpur
Chattagram,Brahmanbaria,Kasba,Mulagram
Chattagram,Brahmanbaria,Kasba,Mehari
Chattagram,Brahmanbaria,Kasba,Badair
Chattagram,Brahmanbaria,Kasba,Kharera
Chattagram,Brahmanbaria,Kasba,Benauty
Chattagram,Brahmanbaria,Kasba,Gopinathpur
Chattagram,Brahmanbaria,Kasba,Kasbaw
Chattagram,Brahmanbaria,Kasba,Kuti
Chattagram,Brahmanbaria,Kasba,Kayempur
Chattagram,Brahmanbaria,Kasba,Bayek
Chattagram,Brahmanbaria,Nasirnagar,Chatalpar
Chattagram,Brahmanbaria,Nasirnagar,Bhalakut
Chattagram,Brahmanbaria,Nasirnagar,Kunda
Chattagram,Brahmanbaria,Nasirnagar,Goalnagar
Chattagram,Brahmanbaria,Nasirnagar,Nasirnagar
Chattagram,Brahmanbaria,Nasirnagar,Burishwar
Chattagram,Brahmanbaria,Nasirnagar,Fandauk
Chattagram,Brahmanbaria,Nasirnagar,Goniauk
Chattagram,Brahmanbaria,Nasirnagar,Chapartala
Chattagram,Brahmanbaria,Nasirnagar,Dharnondol
Chattagram,Brahmanbaria,Nasirnagar,Haripur
Chattagram,Brahmanbaria,Nasirnagar,Purbabhag
Chattagram,Brahmanbaria,Nasirnagar,Gokarna
Chattagram,Brahmanbaria,Sarail,Auraol
Chattagram,Brahmanbaria,Sarail,Pakshimuul
Chattagram,Brahmanbaria,Sarail,Chunta
Chattagram,Brahmanbaria,Sarail,Kalikaccha
Chattagram,Brahmanbaria,Sarail,Panishor
Chattagram,Brahmanbaria,Sarail,Sarail
Chattagram,Brahmanbaria,Sarail,Noagoun
Chattagram,Brahmanbaria,Sarail,Shahajadapur
Chattagram,Brahmanbaria,Sarail,Shahbazpur
Chattagram,Brahmanbaria,Ashuganj,Ashuganj
Chattagram,Brahmanbaria,Ashuganj,Charchartala
Chattagram,Brahmanbaria,Ashuganj,Durgapur
Chattagram,Brahmanbaria,Ashuganj,Araishidha
Chattagram,Brahmanbaria,Ashuganj,Talshaharw
Chattagram,Brahmanbaria,Ashuganj,Sarifpur
Chattagram,Brahmanbaria,Ashuganj,Lalpur
Chattagram,Brahmanbaria,Ashuganj,Tarua
Chattagram,Brahmanbaria,Akhaura,Monionda
Chattagram,Brahmanbaria,Akhaura,Dharkhar
Chattagram,Brahmanbaria,Akhaura,Mogra
Chattagram,Brahmanbaria,Akhaura,Akhauran
Chattagram,Brahmanbaria,Akhaura,Akhauras
Chattagram,Brahmanbaria,Nabinagar,Barail
Chattagram,Brahmanbaria,Nabinagar,Birgaon
Chattagram,Brahmanbaria,Nabinagar,Krishnanagar
Chattagram,Brahmanbaria,Nabinagar,Nathghar
Chattagram,Brahmanbaria,Nabinagar,Biddayakut
Chattagram,Brahmanbaria,Nabinagar,Nabinagare
Chattagram,Brahmanbaria,Nabinagar,Nabinagarw
Chattagram,Brahmanbaria,Nabinagar,Bitghar
Chattagram,Brahmanbaria,Nabinagar,Shibpur
Chattagram,Brahmanbaria,Nabinagar,Sreerampur
Chattagram,Brahmanbaria,Nabinagar,Jinudpur
Chattagram,Brahmanbaria,Nabinagar,Laurfatehpur
Chattagram,Brahmanbaria,Nabinagar,Ibrahimpur
Chattagram,Brahmanbaria,Nabinagar,Satmura
Chattagram,Brahmanbaria,Nabinagar,Shamogram
Chattagram,Brahmanbaria,Nabinagar,Rasullabad
Chattagram,Brahmanbaria,Nabinagar,Barikandi
Chattagram,Brahmanbaria,Nabinagar,Salimganj
Chattagram,Brahmanbaria,Nabinagar,Ratanpur
Chattagram,Brahmanbaria,Nabinagar,Kaitala (North)
Chattagram,Brahmanbaria,Nabinagar,Kaitala (South)
Chattagram,Brahmanbaria,Bancharampur,Tazkhali
Chattagram,Brahmanbaria,Bancharampur,Pahariya Kandi
Chattagram,Brahmanbaria,Bancharampur,Dariadulat
Chattagram,Brahmanbaria,Bancharampur,Sonarampur
Chattagram,Brahmanbaria,Bancharampur,Darikandi
Chattagram,Brahmanbaria,Bancharampur,Saifullyakandi
Chattagram,Brahmanbaria,Bancharampur,Bancharampur
Chattagram,Brahmanbaria,Bancharampur,Ayabpur
Chattagram,Brahmanbaria,Bancharampur,Fardabad
Chattagram,Brahmanbaria,Bancharampur,Rupushdi
Chattagram,Brahmanbaria,Bancharampur,Salimabad
Chattagram,Brahmanbaria,Bancharampur,Ujanchar
Chattagram,Brahmanbaria,Bancharampur,Manikpur
Chattagram,Brahmanbaria,Bijoynagar,Bhudanty
Chattagram,Brahmanbaria,Bijoynagar,Chandura
Chattagram,Brahmanbaria,Bijoynagar,Ichapura
Chattagram,Brahmanbaria,Bijoynagar,Champaknagar
Chattagram,Brahmanbaria,Bijoynagar,Harashpur
Chattagram,Brahmanbaria,Bijoynagar,Pattan
Chattagram,Brahmanbaria,Bijoynagar,Singerbil
Chattagram,Brahmanbaria,Bijoynagar,Bishupor
Chattagram,Brahmanbaria,Bijoynagar,Charislampur
Chattagram,Brahmanbaria,Bijoynagar,Paharpur
Chattagram,Rangamati,Rangamati Sadar,Jibtali
Chattagram,Rangamati,Rangamati Sadar,Sapchari
Chattagram,Rangamati,Rangamati Sadar,Kutukchari
Chattagram,Rangamati,Rangamati Sadar,Bandukbhanga
Chattagram,Rangamati,Rangamati Sadar,Balukhali
Chattagram,Rangamati,Rangamati Sadar,Mogban
Chattagram,Rangamati,Kaptai,Raikhali
Chattagram,Rangamati,Kaptai,Kaptai
Chattagram,Rangamati,Kaptai,Wagga
Chattagram,Rangamati,Kaptai,Chandraghona
Chattagram,Rangamati,Kaptai,Chitmorom
Chattagram,Rangamati,Kawkhali,Ghagra
Chattagram,Rangamati,Kawkhali,Fatikchari
Chattagram,Rangamati,Kawkhali,Betbunia
Chattagram,Rangamati,Kawkhali,Kalampati
Chattagram,Rangamati,Baghaichari,Sajek
Chattagram,Rangamati,Baghaichari,Amtali
Chattagram,Rangamati,Baghaichari,Bongoltali
Chattagram,Rangamati,Baghaichari,Rupokari
Chattagram,Rangamati,Baghaichari,Marisha
Chattagram,Rangamati,Baghaichari,Khedarmara
Chattagram,Rangamati,Baghaichari,Sharoyatali
Chattagram,Rangamati,Baghaichari,Baghaichari
Chattagram,Rangamati,Barkal,Subalong
Chattagram,Rangamati,Barkal,Barkal
Chattagram,Rangamati,Barkal,Bushanchara
Chattagram,Rangamati,Barkal,Aimachara
Chattagram,Rangamati,Barkal,Borohorina
Chattagram,Rangamati,Langadu,Langad
Chattagram,Rangamati,Langadu,Maeinimukh
Chattagram,Rangamati,Langadu,Vasannadam
Chattagram,Rangamati,Langadu,Bogachattar
Chattagram,Rangamati,Langadu,Gulshakhali
Chattagram,Rangamati,Langadu,Kalapakujja
Chattagram,Rangamati,Langadu,Atarakchara
Chattagram,Rangamati,Rajasthali,Ghilachari
Chattagram,Rangamati,Rajasthali,Gaindya
Chattagram,Rangamati,Rajasthali,Bangalhalia
Chattagram,Rangamati,Belaichari,Kengrachari
Chattagram,Rangamati,Belaichari,Belaichari
Chattagram,Rangamati,Belaichari,Farua
Chattagram,Rangamati,Juraichari,Juraichari
Chattagram,Rangamati,Juraichari,Banajogichara
Chattagram,Rangamati,Juraichari,Moidong
Chattagram,Rangamati,Juraichari,Dumdumya
Chattagram,Rangamati,Naniarchar,Sabekkhong
Chattagram,Rangamati,Naniarchar,Naniarchar
Chattagram,Rangamati,Naniarchar,Burighat
Chattagram,Rangamati,Naniarchar,Ghilachhari
Chattagram,Noakhali,Noakhali Sadar,Charmatua
Chattagram,Noakhali,Noakhali Sadar,Dadpur
Chattagram,Noakhali,Noakhali Sadar,Noannoi
Chattagram,Noakhali,Noakhali Sadar,Kadirhanif
Chattagram,Noakhali,Noakhali Sadar,Binodpur
Chattagram,Noakhali,Noakhali Sadar,Dharmapur
Chattagram,Noakhali,Noakhali Sadar,Aujbalia
Chattagram,Noakhali,Noakhali Sadar,Kaladara
Chattagram,Noakhali,Noakhali Sadar,Ashwadia
Chattagram,Noakhali,Noakhali Sadar,Newajpur
Chattagram,Noakhali,Noakhali Sadar,East Charmatua
Chattagram,Noakhali,Noakhali Sadar,Andarchar
Chattagram,Noakhali,Noakhali Sadar,Noakhali
Chattagram,Noakhali,Companiganj,Sirajpur
Chattagram,Noakhali,Companiganj,Charparboti
Chattagram,Noakhali,Companiganj,Charhazari
Chattagram,Noakhali,Companiganj,Charkakra
Chattagram,Noakhali,Companiganj,Charfakira
Chattagram,Noakhali,Companiganj,Musapur
Chattagram,Noakhali,Companiganj,Charelahi
Chattagram,Noakhali,Companiganj,Rampur
Chattagram,Noakhali,Begumganj,Amanullapur
Chattagram,Noakhali,Begumganj,Gopalpur
Chattagram,Noakhali,Begumganj,Jirtali
Chattagram,Noakhali,Begumganj,Kutubpur
Chattagram,Noakhali,Begumganj,Alyearpur
Chattagram,Noakhali,Begumganj,Chayani
Chattagram,Noakhali,Begumganj,Rajganj
Chattagram,Noakhali,Begumganj,Eklashpur
Chattagram,Noakhali,Begumganj,Begumganj
Chattagram,Noakhali,Begumganj,Mirwarishpur
Chattagram,Noakhali,Begumganj,Narottampur
Chattagram,Noakhali,Begumganj,Durgapur
Chattagram,Noakhali,Begumganj,Rasulpur
Chattagram,Noakhali,Begumganj,Hajipur
Chattagram,Noakhali,Begumganj,Sharifpur
Chattagram,Noakhali,Begumganj,Kadirpur
Chattagram,Noakhali,Hatia,Sukhchar
Chattagram,Noakhali,Hatia,Nolchira
Chattagram,Noakhali,Hatia,Charishwar
Chattagram,Noakhali,Hatia,Charking
Chattagram,Noakhali,Hatia,Tomoroddi
Chattagram,Noakhali,Hatia,Sonadiya
Chattagram,Noakhali,Hatia,Burirchar
Chattagram,Noakhali,Hatia,Jahajmara
Chattagram,Noakhali,Hatia,Nijhumdwi
Chattagram,Noakhali,Subarnachar,Charjabbar
Chattagram,Noakhali,Subarnachar,Charbata
Chattagram,Noakhali,Subarnachar,Charclerk
Chattagram,Noakhali,Subarnachar,Charwapda
Chattagram,Noakhali,Subarnachar,Charjubilee
Chattagram,Noakhali,Subarnachar,Charaman Ullah
Chattagram,Noakhali,Subarnachar,East Charbata
Chattagram,Noakhali,Subarnachar,Mohammadpur
Chattagram,Noakhali,Kabirhat,Narottampur
Chattagram,Noakhali,Kabirhat,Dhanshiri
Chattagram,Noakhali,Kabirhat,Sundalpur
Chattagram,Noakhali,Kabirhat,Ghoshbag
Chattagram,Noakhali,Kabirhat,Chaprashirhat
Chattagram,Noakhali,Kabirhat,Dhanshalik
Chattagram,Noakhali,Kabirhat,Batoiya
Chattagram,Noakhali,Senbug,Chhatarpaia
Chattagram,Noakhali,Senbug,Kesharpar
Chattagram,Noakhali,Senbug,Dumurua
Chattagram,Noakhali,Senbug,Kadra
Chattagram,Noakhali,Senbug,Arjuntala
Chattagram,Noakhali,Senbug,Kabilpur
Chattagram,Noakhali,Senbug,Mohammadpur
Chattagram,Noakhali,Senbug,Nabipur
Chattagram,Noakhali,Senbug,Bejbagh
Chattagram,Noakhali,Chatkhil,Sahapur
Chattagram,Noakhali,Chatkhil,Ramnarayanpur
Chattagram,Noakhali,Chatkhil,Porokote
Chattagram,Noakhali,Chatkhil,Badalkot
Chattagram,Noakhali,Chatkhil,Panchgaon
Chattagram,Noakhali,Chatkhil,Hat-Pukuria Ghatlabag
Chattagram,Noakhali,Chatkhil,Noakhala
Chattagram,Noakhali,Chatkhil,Khilpara
Chattagram,Noakhali,Chatkhil,Mohammadpur
Chattagram,Noakhali,Sonaimori,Joyag
Chattagram,Noakhali,Sonaimori,Nodona
Chattagram,Noakhali,Sonaimori,Chashirhat
Chattagram,Noakhali,Sonaimori,Barogaon
Chattagram,Noakhali,Sonaimori,Ambarnagor
Chattagram,Noakhali,Sonaimori,Nateshwar
Chattagram,Noakhali,Sonaimori,Bajra
Chattagram,Noakhali,Sonaimori,Sonapur
Chattagram,Noakhali,Sonaimori,Deoti
Chattagram,Noakhali,Sonaimori,Amishapara
Chattagram,Chandpur,Haimchar,Gazipur
Chattagram,Chandpur,Haimchar,Algidurgapur (North)
Chattagram,Chandpur,Haimchar,Algidurgapur (South)
Chattagram,Chandpur,Haimchar,Nilkamal
Chattagram,Chandpur,Haimchar,Haimchar
Chattagram,Chandpur,Haimchar,Charbhairabi
Chattagram,Chandpur,Kachua,Pathair
Chattagram,Chandpur,Kachua,Bitara
Chattagram,Chandpur,Kachua,Shohodebpur (East)
Chattagram,Chandpur,Kachua,Shohodebpur (West)
Chattagram,Chandpur,Kachua,Kachua (North)
Chattagram,Chandpur,Kachua,Kachua (South)
Chattagram,Chandpur,Kachua,Gohat (North)
Chattagram,Chandpur,Kachua,Kadla
Chattagram,Chandpur,Kachua,Ashrafpur
Chattagram,Chandpur,Kachua,Gohat (South)
Chattagram,Chandpur,Kachua,Sachar
Chattagram,Chandpur,Kachua,Koroia
Chattagram,Chandpur,Shahrasti,Tamta (South)
Chattagram,Chandpur,Shahrasti,Tamta (North)
Chattagram,Chandpur,Shahrasti,Meher (North)
Chattagram,Chandpur,Shahrasti,Meher (South)
Chattagram,Chandpur,Shahrasti,Suchipara (North)
Chattagram,Chandpur,Shahrasti,Suchipara (South)
Chattagram,Chandpur,Shahrasti,Chitoshi (East)
Chattagram,Chandpur,Shahrasti,Raysree (South)
Chattagram,Chandpur,Shahrasti,Raysree (North)
Chattagram,Chandpur,Shahrasti,Chitoshiwest
Chattagram,Chandpur,Chandpur Sadar,Bishnapur
Chattagram,Chandpur,Chandpur Sadar,Ashikati
Chattagram,Chandpur,Chandpur Sadar,Shahmahmudpur
Chattagram,Chandpur,Chandpur Sadar,Kalyanpur
Chattagram,Chandpur,Chandpur Sadar,Rampur
Chattagram,Chandpur,Chandpur Sadar,Maishadi
Chattagram,Chandpur,Chandpur Sadar,Tarpurchandi
Chattagram,Chandpur,Chandpur Sadar,Baghadi
Chattagram,Chandpur,Chandpur Sadar,Laxmipur Model
Chattagram,Chandpur,Chandpur Sadar,Hanarchar
Chattagram,Chandpur,Chandpur Sadar,Chandra
Chattagram,Chandpur,Chandpur Sadar,Rajrajeshwar
Chattagram,Chandpur,Chandpur Sadar,Ibrahimpur
Chattagram,Chandpur,Chandpur Sadar,Balia
Chattagram,Chandpur,Matlab South,Nayergaon (North)
Chattagram,Chandpur,Matlab South,Nayergaon (South)
Chattagram,Chandpur,Matlab South,Khadergaon
Chattagram,Chandpur,Matlab South,Narayanpur
Chattagram,Chandpur,Matlab South,Upadi (South)
Chattagram,Chandpur,Matlab South,Upadi (North)
Chattagram,Chandpur,Hajiganj,Rajargaon (North)
Chattagram,Chandpur,Hajiganj,Bakila
Chattagram,Chandpur,Hajiganj,Kalocho (North)
Chattagram,Chandpur,Hajiganj,Hajiganj Sadar
Chattagram,Chandpur,Hajiganj,Kalocho (South)
Chattagram,Chandpur,Hajiganj,Barkul (East)
Chattagram,Chandpur,Hajiganj,Barkul (West)
Chattagram,Chandpur,Hajiganj,Hatila (East)
Chattagram,Chandpur,Hajiganj,Hatila (West)
Chattagram,Chandpur,Hajiganj,Gandharbapur (North)
Chattagram,Chandpur,Hajiganj,Gandharbapur (South)
Chattagram,Chandpur,Matlab North,Satnal
Chattagram,Chandpur,Matlab North,Banganbari
Chattagram,Chandpur,Matlab North,Sadullapur
Chattagram,Chandpur,Matlab North,Durgapur
Chattagram,Chandpur,Matlab North,Kalakanda
Chattagram,Chandpur,Matlab North,Mohanpur
Chattagram,Chandpur,Matlab North,Eklaspur
Chattagram,Chandpur,Matlab North,Jahirabad
Chattagram,Chandpur,Matlab North,Fatehpur (East)
Chattagram,Chandpur,Matlab North,Fatehpur (West)
Chattagram,Chandpur,Matlab North,Farajikandi
Chattagram,Chandpur,Matlab North,Islamabad
Chattagram,Chandpur,Matlab North,Sultanabad
Chattagram,Chandpur,Matlab North,Gazra
Chattagram,Chandpur,Faridgonj,Balithuba (West)
Chattagram,Chandpur,Faridgonj,Balithuba (East)
Chattagram,Chandpur,Faridgonj,Subidpur (East)
Chattagram,Chandpur,Faridgonj,Subidpur (West)
Chattagram,Chandpur,Faridgonj,Gupti (West)
Chattagram,Chandpur,Faridgonj,Gupti (East)
Chattagram,Chandpur,Faridgonj,Paikpara (North)
Chattagram,Chandpur,Faridgonj,Paikpara (South)
Chattagram,Chandpur,Faridgonj,Gobindapur (North)
Chattagram,Chandpur,Faridgonj,Gobindapur (South)
Chattagram,Chandpur,Faridgonj,Chardukhia (East)
Chattagram,Chandpur,Faridgonj,Chardukhia (West)
Chattagram,Chandpur,Faridgonj,Faridgonj (South)
Chattagram,Chandpur,Faridgonj,Rupsha (South)
Chattagram,Chandpur,Faridgonj,Rupsha (North)
Chattagram,Lakshmipur,Lakshmipur Sadar,Hamsadi (North)
Chattagram,Lakshmipur,Lakshmipur Sadar,Hamsadi (South)
Chattagram,Lakshmipur,Lakshmipur Sadar,Dalalbazar
Chattagram,Lakshmipur,Lakshmipur Sadar,Charruhita
Chattagram,Lakshmipur,Lakshmipur Sadar,Parbotinagar
Chattagram,Lakshmipur,Lakshmipur Sadar,Bangakha
Chattagram,Lakshmipur,Lakshmipur Sadar,Dattapara
Chattagram,Lakshmipur,Lakshmipur Sadar,Basikpur
Chattagram,Lakshmipur,Lakshmipur Sadar,Chandrogonj
Chattagram,Lakshmipur,Lakshmipur Sadar,Nourthjoypur
Chattagram,Lakshmipur,Lakshmipur Sadar,Hazirpara
Chattagram,Lakshmipur,Lakshmipur Sadar,Charshahi
Chattagram,Lakshmipur,Lakshmipur Sadar,Digli
Chattagram,Lakshmipur,Lakshmipur Sadar,Laharkandi
Chattagram,Lakshmipur,Lakshmipur Sadar,Vobanigonj
Chattagram,Lakshmipur,Lakshmipur Sadar,Kusakhali
Chattagram,Lakshmipur,Lakshmipur Sadar,Sakchor
Chattagram,Lakshmipur,Lakshmipur Sadar,Tearigonj
Chattagram,Lakshmipur,Lakshmipur Sadar,Tumchor
Chattagram,Lakshmipur,Lakshmipur Sadar,Charramoni Mohon
Chattagram,Lakshmipur,Kamalnagar,Charkalkini
Chattagram,Lakshmipur,Kamalnagar,Shaheberhat
Chattagram,Lakshmipur,Kamalnagar,Char Martin
Chattagram,Lakshmipur,Kamalnagar,Char Folcon
Chattagram,Lakshmipur,Kamalnagar,Patarirhat
Chattagram,Lakshmipur,Kamalnagar,Hajirhat
Chattagram,Lakshmipur,Kamalnagar,Char Kadira
Chattagram,Lakshmipur,Kamalnagar,Torabgonj
Chattagram,Lakshmipur,Kamalnagar,Charlorench
Chattagram,Lakshmipur,Raipur,North Char Ababil
Chattagram,Lakshmipur,Raipur,North Char Bangshi
Chattagram,Lakshmipur,Raipur,Char Mohana
Chattagram,Lakshmipur,Raipur,Sonapur
Chattagram,Lakshmipur,Raipur,Charpata
Chattagram,Lakshmipur,Raipur,Bamni
Chattagram,Lakshmipur,Raipur,South Char Bangshi
Chattagram,Lakshmipur,Raipur,South Char Ababil
Chattagram,Lakshmipur,Raipur,Raipur
Chattagram,Lakshmipur,Raipur,Keora
Chattagram,Lakshmipur,Ramgati,Char Poragacha
Chattagram,Lakshmipur,Ramgati,Charbadam
Chattagram,Lakshmipur,Ramgati,Char Abdullah
Chattagram,Lakshmipur,Ramgati,Alxendar
Chattagram,Lakshmipur,Ramgati,Char Algi
Chattagram,Lakshmipur,Ramgati,Char Ramiz
Chattagram,Lakshmipur,Ramgati,Borokheri
Chattagram,Lakshmipur,Ramgati,Chargazi
Chattagram,Lakshmipur,Ramganj,Kanchanpur
Chattagram,Lakshmipur,Ramganj,Noagaon
Chattagram,Lakshmipur,Ramganj,Bhadur
Chattagram,Lakshmipur,Ramganj,Ichhapur
Chattagram,Lakshmipur,Ramganj,Chandipur
Chattagram,Lakshmipur,Ramganj,Lamchar
Chattagram,Lakshmipur,Ramganj,Darbeshpur
Chattagram,Lakshmipur,Ramganj,Karpara
Chattagram,Lakshmipur,Ramganj,Bholakot
Chattagram,Lakshmipur,Ramganj,Bhatra
Chattagram,Chattogram,Rangunia,Rajanagar
Chattagram,Chattogram,Rangunia,Hosnabad
Chattagram,Chattogram,Rangunia,Swanirbor Rangunia
Chattagram,Chattogram,Rangunia,Mariumnagar
Chattagram,Chattogram,Rangunia,Parua
Chattagram,Chattogram,Rangunia,Pomra
Chattagram,Chattogram,Rangunia,Betagi
Chattagram,Chattogram,Rangunia,Sharafbhata
Chattagram,Chattogram,Rangunia,Shilok
Chattagram,Chattogram,Rangunia,Chandraghona
Chattagram,Chattogram,Rangunia,Kodala
Chattagram,Chattogram,Rangunia,Islampur
Chattagram,Chattogram,Rangunia,South Rajanagar
Chattagram,Chattogram,Rangunia,Lalanagar
Chattagram,Chattogram,Sitakunda,Kumira
Chattagram,Chattogram,Sitakunda,Banshbaria
Chattagram,Chattogram,Sitakunda,Barabkunda
Chattagram,Chattogram,Sitakunda,Bariadyala
Chattagram,Chattogram,Sitakunda,Muradpur
Chattagram,Chattogram,Sitakunda,Saidpur
Chattagram,Chattogram,Sitakunda,Salimpur
Chattagram,Chattogram,Sitakunda,Sonaichhari
Chattagram,Chattogram,Sitakunda,Bhatiari
Chattagram,Chattogram,Mirsharai,Korerhat
Chattagram,Chattogram,Mirsharai,Hinguli
Chattagram,Chattogram,Mirsharai,Jorarganj
Chattagram,Chattogram,Mirsharai,Dhoom
Chattagram,Chattogram,Mirsharai,Osmanpur
Chattagram,Chattogram,Mirsharai,Ichakhali
Chattagram,Chattogram,Mirsharai,Katachhara
Chattagram,Chattogram,Mirsharai,Durgapur
Chattagram,Chattogram,Mirsharai,Mirsharai
Chattagram,Chattogram,Mirsharai,Mithanala
Chattagram,Chattogram,Mirsharai,Maghadia
Chattagram,Chattogram,Mirsharai,Khaiyachhara
Chattagram,Chattogram,Mirsharai,Mayani
Chattagram,Chattogram,Mirsharai,Haitkandi
Chattagram,Chattogram,Mirsharai,Wahedpur
Chattagram,Chattogram,Mirsharai,Saherkhali
Chattagram,Chattogram,Patiya,Asia
Chattagram,Chattogram,Patiya,Kachuai
Chattagram,Chattogram,Patiya,Kasiais
Chattagram,Chattogram,Patiya,Kusumpura
Chattagram,Chattogram,Patiya,Kelishahar
Chattagram,Chattogram,Patiya,Kolagaon
Chattagram,Chattogram,Patiya,Kharana
Chattagram,Chattogram,Patiya,Char Patharghata
Chattagram,Chattogram,Patiya,Char Lakshya
Chattagram,Chattogram,Patiya,Chanhara
Chattagram,Chattogram,Patiya,Janglukhain
Chattagram,Chattogram,Patiya,Jiri
Chattagram,Chattogram,Patiya,Juldha
Chattagram,Chattogram,Patiya,Dakkhin Bhurshi
Chattagram,Chattogram,Patiya,Dhalghat
Chattagram,Chattogram,Patiya,Bara Uthan
Chattagram,Chattogram,Patiya,Baralia
Chattagram,Chattogram,Patiya,Bhatikhain
Chattagram,Chattogram,Patiya,Sikalbaha
Chattagram,Chattogram,Patiya,Sobhandandi
Chattagram,Chattogram,Patiya,Habilasdwi
Chattagram,Chattogram,Patiya,Haidgaon
Chattagram,Chattogram,Sandwip,Rahmatpur
Chattagram,Chattogram,Sandwip,Harispur
Chattagram,Chattogram,Sandwip,Kalapania
Chattagram,Chattogram,Sandwip,Amanullah
Chattagram,Chattogram,Sandwip,Santoshpur
Chattagram,Chattogram,Sandwip,Gachhua
Chattagram,Chattogram,Sandwip,Bauria
Chattagram,Chattogram,Sandwip,Haramia
Chattagram,Chattogram,Sandwip,Magdhara
Chattagram,Chattogram,Sandwip,Maitbhanga
Chattagram,Chattogram,Sandwip,Sarikait
Chattagram,Chattogram,Sandwip,Musapur
Chattagram,Chattogram,Sandwip,Azimpur
Chattagram,Chattogram,Sandwip,Urirchar
Chattagram,Chattogram,Banshkhali,Pukuria
Chattagram,Chattogram,Banshkhali,Sadhanpur
Chattagram,Chattogram,Banshkhali,Khankhanabad
Chattagram,Chattogram,Banshkhali,Baharchhara
Chattagram,Chattogram,Banshkhali,Kalipur
Chattagram,Chattogram,Banshkhali,Bailchhari
Chattagram,Chattogram,Banshkhali,Katharia
Chattagram,Chattogram,Banshkhali,Saral
Chattagram,Chattogram,Banshkhali,Silk
Chattagram,Chattogram,Banshkhali,Chambal
Chattagram,Chattogram,Banshkhali,Gandamara
Chattagram,Chattogram,Banshkhali,Sekherkhil
Chattagram,Chattogram,Banshkhali,Puichhari
Chattagram,Chattogram,Banshkhali,Chhanua
Chattagram,Chattogram,Boalkhali,Kandhurkhil
Chattagram,Chattogram,Boalkhali,Pashchim Gamdandi
Chattagram,Chattogram,Boalkhali,Purba Gomdandi
Chattagram,Chattogram,Boalkhali,Sakpura
Chattagram,Chattogram,Boalkhali,Saroatali
Chattagram,Chattogram,Boalkhali,Popadia
Chattagram,Chattogram,Boalkhali,Charandwi
Chattagram,Chattogram,Boalkhali,Sreepur-Kharandwi
Chattagram,Chattogram,Boalkhali,Amuchia
Chattagram,Chattogram,Boalkhali,Ahla Karaldenga
Chattagram,Chattogram,Anwara,Boirag
Chattagram,Chattogram,Anwara,Barasat
Chattagram,Chattogram,Anwara,Raipur
Chattagram,Chattogram,Anwara,Battali
Chattagram,Chattogram,Anwara,Barumchara
Chattagram,Chattogram,Anwara,Baroakhan
Chattagram,Chattogram,Anwara,Anwara
Chattagram,Chattogram,Anwara,Chatari
Chattagram,Chattogram,Anwara,Paraikora
Chattagram,Chattogram,Anwara,Haildhar
Chattagram,Chattogram,Anwara,Juidandi
Chattagram,Chattogram,Chandanaish,Kanchanabad
Chattagram,Chattogram,Chandanaish,Joara
Chattagram,Chattogram,Chandanaish,Barkal
Chattagram,Chattogram,Chandanaish,Barama
Chattagram,Chattogram,Chandanaish,Bailtali
Chattagram,Chattogram,Chandanaish,Satbaria
Chattagram,Chattogram,Chandanaish,Hashimpur
Chattagram,Chattogram,Chandanaish,Dohazari
Chattagram,Chattogram,Chandanaish,Dhopachhari
Chattagram,Chattogram,Satkania,Charati
Chattagram,Chattogram,Satkania,Khagaria
Chattagram,Chattogram,Satkania,Nalua
Chattagram,Chattogram,Satkania,Kanchana
Chattagram,Chattogram,Satkania,Amilaisi
Chattagram,Chattogram,Satkania,Eochiai
Chattagram,Chattogram,Satkania,Madarsa
Chattagram,Chattogram,Satkania,Dhemsa
Chattagram,Chattogram,Satkania,Paschim Dhemsa
Chattagram,Chattogram,Satkania,Keochia
Chattagram,Chattogram,Satkania,Kaliais
Chattagram,Chattogram,Satkania,Bazalia
Chattagram,Chattogram,Satkania,Puranagar
Chattagram,Chattogram,Satkania,Sadaha
Chattagram,Chattogram,Satkania,Satkania
Chattagram,Chattogram,Satkania,Sonakania
Chattagram,Chattogram,Lohagara,Padua
Chattagram,Chattogram,Lohagara,Barahatia
Chattagram,Chattogram,Lohagara,Amirabad
Chattagram,Chattogram,Lohagara,Charamba
Chattagram,Chattogram,Lohagara,Kalauzan
Chattagram,Chattogram,Lohagara,Lohagara
Chattagram,Chattogram,Lohagara,Putibila
Chattagram,Chattogram,Lohagara,Chunati
Chattagram,Chattogram,Lohagara,Adhunagar
Chattagram,Chattogram,Hathazari,Farhadabad
Chattagram,Chattogram,Hathazari,Dhalai
Chattagram,Chattogram,Hathazari,Mirjapur
Chattagram,Chattogram,Hathazari,Nangolmora
Chattagram,Chattogram,Hathazari,Gomanmordan
Chattagram,Chattogram,Hathazari,Chipatali
Chattagram,Chattogram,Hathazari,Mekhal
Chattagram,Chattogram,Hathazari,Garduara
Chattagram,Chattogram,Hathazari,Fathepur
Chattagram,Chattogram,Hathazari,Chikondandi
Chattagram,Chattogram,Hathazari,Uttar Madrasha
Chattagram,Chattogram,Hathazari,Dakkin Madrasha
Chattagram,Chattogram,Hathazari,Sikarpur
Chattagram,Chattogram,Hathazari,Budirchar
Chattagram,Chattogram,Hathazari,Hathazari
Chattagram,Chattogram,Fatikchhari,Dharmapur
Chattagram,Chattogram,Fatikchhari,Baganbazar
Chattagram,Chattogram,Fatikchhari,Dantmara
Chattagram,Chattogram,Fatikchhari,Narayanhat
Chattagram,Chattogram,Fatikchhari,Bhujpur
Chattagram,Chattogram,Fatikchhari,Harualchari
Chattagram,Chattogram,Fatikchhari,Paindong
Chattagram,Chattogram,Fatikchhari,Kanchannagor
Chattagram,Chattogram,Fatikchhari,Sunderpur
Chattagram,Chattogram,Fatikchhari,Suabil
Chattagram,Chattogram,Fatikchhari,Abdullapur
Chattagram,Chattogram,Fatikchhari,Samitirhat
Chattagram,Chattogram,Fatikchhari,Jafathagar
Chattagram,Chattogram,Fatikchhari,Bokhtapur
Chattagram,Chattogram,Fatikchhari,Roshangiri
Chattagram,Chattogram,Fatikchhari,Nanupur
Chattagram,Chattogram,Fatikchhari,Lelang
Chattagram,Chattogram,Fatikchhari,Daulatpur
Chattagram,Chattogram,Raozan,Raozan
Chattagram,Chattogram,Raozan,Bagoan
Chattagram,Chattogram,Raozan,Binajuri
Chattagram,Chattogram,Raozan,Chikdair
Chattagram,Chattogram,Raozan,Dabua
Chattagram,Chattogram,Raozan,Purbagujra
Chattagram,Chattogram,Raozan,Paschim Gujra
Chattagram,Chattogram,Raozan,Gohira
Chattagram,Chattogram,Raozan,Holdia
Chattagram,Chattogram,Raozan,Kodolpur
Chattagram,Chattogram,Raozan,Noapara
Chattagram,Chattogram,Raozan,Pahartali
Chattagram,Chattogram,Raozan,Urkirchar
Chattagram,Chattogram,Raozan,Nowajushpur
Chattagram,Chattogram,Karnafuli,Char Patharghata
Chattagram,Chattogram,Karnafuli,Char Lakshya
Chattagram,Chattogram,Karnafuli,Juldha
Chattagram,Chattogram,Karnafuli,Barauthan
Chattagram,Chattogram,Karnafuli,Sikalbaha
Chattagram,Coxsbazar,Coxsbazar Sadar,Islamabad
Chattagram,Coxsbazar,Coxsbazar Sadar,Islampur
Chattagram,Coxsbazar,Coxsbazar Sadar,Pokkhali
Chattagram,Coxsbazar,Coxsbazar Sadar,Eidgaon
Chattagram,Coxsbazar,Coxsbazar Sadar,Jalalabad
Chattagram,Coxsbazar,Coxsbazar Sadar,Chowfaldandi
Chattagram,Coxsbazar,Coxsbazar Sadar,Varuakhali
Chattagram,Coxsbazar,Coxsbazar Sadar,Pmkhali
Chattagram,Coxsbazar,Coxsbazar Sadar,Khurushkhul
Chattagram,Coxsbazar,Coxsbazar Sadar,Jhilongjha
Chattagram,Coxsbazar,Chakaria,Kakhara
Chattagram,Coxsbazar,Chakaria,Kaiar Bil
Chattagram,Coxsbazar,Chakaria,Konakhali
Chattagram,Coxsbazar,Chakaria,Khuntakhali
Chattagram,Coxsbazar,Chakaria,Chiringa
Chattagram,Coxsbazar,Chakaria,Demusia
Chattagram,Coxsbazar,Chakaria,Dulahazara
Chattagram,Coxsbazar,Chakaria,Paschim Bara Bheola
Chattagram,Coxsbazar,Chakaria,Badarkhali
Chattagram,Coxsbazar,Chakaria,Bamobil Chari
Chattagram,Coxsbazar,Chakaria,Baraitali
Chattagram,Coxsbazar,Chakaria,Bheola Manik Char
Chattagram,Coxsbazar,Chakaria,Saharbil
Chattagram,Coxsbazar,Chakaria,Surajpur Manikpur
Chattagram,Coxsbazar,Chakaria,Harbang
Chattagram,Coxsbazar,Chakaria,Fashiakhali
Chattagram,Coxsbazar,Kutubdia,Ali Akbar Deil
Chattagram,Coxsbazar,Kutubdia,Uttar Dhurung
Chattagram,Coxsbazar,Kutubdia,Kaiyarbil
Chattagram,Coxsbazar,Kutubdia,Dakshi Dhurung
Chattagram,Coxsbazar,Kutubdia,Baragho
Chattagram,Coxsbazar,Kutubdia,Lemsikhali
Chattagram,Coxsbazar,Ukhiya,Rajapalong
Chattagram,Coxsbazar,Ukhiya,Jaliapalong
Chattagram,Coxsbazar,Ukhiya,Holdiapalong
Chattagram,Coxsbazar,Ukhiya,Ratnapalong
Chattagram,Coxsbazar,Ukhiya,Palongkhali
Chattagram,Coxsbazar,Moheshkhali,Boro Moheshkhali
Chattagram,Coxsbazar,Moheshkhali,Choto Moheshkhali
Chattagram,Coxsbazar,Moheshkhali,Shaplapur
Chattagram,Coxsbazar,Moheshkhali,Kutubjum
Chattagram,Coxsbazar,Moheshkhali,Hoanak
Chattagram,Coxsbazar,Moheshkhali,Kalarmarchhara
Chattagram,Coxsbazar,Moheshkhali,Matarbari
Chattagram,Coxsbazar,Moheshkhali,Dhalghata
Chattagram,Coxsbazar,Pekua,Ujantia
Chattagram,Coxsbazar,Pekua,Taitong
Chattagram,Coxsbazar,Pekua,Pekua
Chattagram,Coxsbazar,Pekua,Barabakia
Chattagram,Coxsbazar,Pekua,Magnama
Chattagram,Coxsbazar,Pekua,Rajakhali
Chattagram,Coxsbazar,Pekua,Shilkhali
Chattagram,Coxsbazar,Ramu,Fotekharkul
Chattagram,Coxsbazar,Ramu,Rajarkul
Chattagram,Coxsbazar,Ramu,Rashidnagar
Chattagram,Coxsbazar,Ramu,Khuniapalong
Chattagram,Coxsbazar,Ramu,Eidghar
Chattagram,Coxsbazar,Ramu,Chakmarkul
Chattagram,Coxsbazar,Ramu,Kacchapia
Chattagram,Coxsbazar,Ramu,Kauwarkho
Chattagram,Coxsbazar,Ramu,Dakkhin Mithachhari
Chattagram,Coxsbazar,Ramu,Jouarianala
Chattagram,Coxsbazar,Ramu,Garjoniya
Chattagram,Coxsbazar,Teknaf,Subrang
Chattagram,Coxsbazar,Teknaf,Baharchara
Chattagram,Coxsbazar,Teknaf,Hnila
Chattagram,Coxsbazar,Teknaf,Whykong
Chattagram,Coxsbazar,Teknaf,Saintmartin
Chattagram,Coxsbazar,Teknaf,Teknaf Sadar
Chattagram,Khagrachhari,Khagrachhari Sadar,Khagrachhari Sadar
Chattagram,Khagrachhari,Khagrachhari Sadar,Golabari
Chattagram,Khagrachhari,Khagrachhari Sadar,Parachara
Chattagram,Khagrachhari,Khagrachhari Sadar,Kamalchari
Chattagram,Khagrachhari,Dighinala,Merung
Chattagram,Khagrachhari,Dighinala,Boalkhali
Chattagram,Khagrachhari,Dighinala,Kabakhali
Chattagram,Khagrachhari,Dighinala,Dighinala
Chattagram,Khagrachhari,Dighinala,Babuchara
Chattagram,Khagrachhari,Panchari,Logang
Chattagram,Khagrachhari,Panchari,Changi
Chattagram,Khagrachhari,Panchari,Panchari
Chattagram,Khagrachhari,Panchari,Latiban
Chattagram,Khagrachhari,Laxmichhari,Dullyatali
Chattagram,Khagrachhari,Laxmichhari,Barmachari
Chattagram,Khagrachhari,Laxmichhari,Laxmichhari
Chattagram,Khagrachhari,Mohalchari,Bhaibonchara
Chattagram,Khagrachhari,Mohalchari,Mahalchari
Chattagram,Khagrachhari,Mohalchari,Mobachari
Chattagram,Khagrachhari,Mohalchari,Kayanghat
Chattagram,Khagrachhari,Mohalchari,Maischari
Chattagram,Khagrachhari,Manikchari,Manikchari
Chattagram,Khagrachhari,Manikchari,Batnatali
Chattagram,Khagrachhari,Manikchari,Jogyachola
Chattagram,Khagrachhari,Manikchari,Tintahari
Chattagram,Khagrachhari,Ramgarh,Ramgarh
Chattagram,Khagrachhari,Ramgarh,Patachara
Chattagram,Khagrachhari,Ramgarh,Hafchari
Chattagram,Khagrachhari,Matiranga,Taindong
Chattagram,Khagrachhari,Matiranga,Tabalchari
Chattagram,Khagrachhari,Matiranga,Barnal
Chattagram,Khagrachhari,Matiranga,Gomti
Chattagram,Khagrachhari,Matiranga,Balchari
Chattagram,Khagrachhari,Matiranga,Matiranga
Chattagram,Khagrachhari,Matiranga,Guimara
Chattagram,Khagrachhari,Matiranga,Amtali
Chattagram,Bandarban,Bandarban Sadar,Rajbila
Chattagram,Bandarban,Bandarban Sadar,Tongkaboty
Chattagram,Bandarban,Bandarban Sadar,Suwalok
Chattagram,Bandarban,Bandarban Sadar,Bandarban Sadar
Chattagram,Bandarban,Bandarban Sadar,Kuhalong
Chattagram,Bandarban,Alikadam,Alikadam Sadar
Chattagram,Bandarban,Alikadam,Chwekhyong
Chattagram,Bandarban,Naikhongchhari,Naikhyongchari Sadar
Chattagram,Bandarban,Naikhongchhari,Gumdhum
Chattagram,Bandarban,Naikhongchhari,Baishari
Chattagram,Bandarban,Naikhongchhari,Sonaychari
Chattagram,Bandarban,Naikhongchhari,Duwchari
Chattagram,Bandarban,Rowangchhari,Rowangchari Sadar
Chattagram,Bandarban,Rowangchhari,Taracha
Chattagram,Bandarban,Rowangchhari,Alekyong
Chattagram,Bandarban,Rowangchhari,Nawapotong
Chattagram,Bandarban,Lama,Gajalia
Chattagram,Bandarban,Lama,Lama Sadar
Chattagram,Bandarban,Lama,Fasiakhali
Chattagram,Bandarban,Lama,Fythong
Chattagram,Bandarban,Lama,Rupushipara
Chattagram,Bandarban,Lama,Sarai
Chattagram,Bandarban,Lama,Aziznagar
Chattagram,Bandarban,Ruma,Paind
Chattagram,Bandarban,Ruma,Ruma Sadar
Chattagram,Bandarban,Ruma,Ramakreprangsa
Chattagram,Bandarban,Ruma,Galanggya
Chattagram,Bandarban,Thanchi,Remakre
Chattagram,Bandarban,Thanchi,Tind
Chattagram,Bandarban,Thanchi,Thanchi Sadar
Chattagram,Bandarban,Thanchi,Balipara
Rajshahi,Sirajganj,Belkuchi,Rajapur
Rajshahi,Sirajganj,Belkuchi,Baradhul
Rajshahi,Sirajganj,Belkuchi,Belkuchi Sadar
Rajshahi,Sirajganj,Belkuchi,Dhukuriabera
Rajshahi,Sirajganj,Belkuchi,Doulatpur
Rajshahi,Sirajganj,Belkuchi,Bhangabari
Rajshahi,Sirajganj,Chauhali,Baghutia
Rajshahi,Sirajganj,Chauhali,Gharjan
Rajshahi,Sirajganj,Chauhali,Khaskaulia
Rajshahi,Sirajganj,Chauhali,Khaspukuria
Rajshahi,Sirajganj,Chauhali,Omarpur
Rajshahi,Sirajganj,Chauhali,Sadia Chandpur
Rajshahi,Sirajganj,Chauhali,Sthal
Rajshahi,Sirajganj,Kamarkhand,Bhadraghat
Rajshahi,Sirajganj,Kamarkhand,Jamtail
Rajshahi,Sirajganj,Kamarkhand,Jhawail
Rajshahi,Sirajganj,Kamarkhand,Roydaulatpur
Rajshahi,Sirajganj,Kazipur,Chalitadangha
Rajshahi,Sirajganj,Kazipur,Chargirish
Rajshahi,Sirajganj,Kazipur,Gandail
Rajshahi,Sirajganj,Kazipur,Kazipur Sadar
Rajshahi,Sirajganj,Kazipur,Khasrajbari
Rajshahi,Sirajganj,Kazipur,Maijbari
Rajshahi,Sirajganj,Kazipur,Monsur Nagar
Rajshahi,Sirajganj,Kazipur,Natuarpara
Rajshahi,Sirajganj,Kazipur,Nishchintapur
Rajshahi,Sirajganj,Kazipur,Sonamukhi
Rajshahi,Sirajganj,Kazipur,Subhagacha
Rajshahi,Sirajganj,Kazipur,Tekani
Rajshahi,Sirajganj,Raigonj,Brommogacha
Rajshahi,Sirajganj,Raigonj,Chandaikona
Rajshahi,Sirajganj,Raigonj,Dhamainagar
Rajshahi,Sirajganj,Raigonj,Dhangora
Rajshahi,Sirajganj,Raigonj,Dhubil
Rajshahi,Sirajganj,Raigonj,Ghurka
Rajshahi,Sirajganj,Raigonj,Nalka
Rajshahi,Sirajganj,Raigonj,Pangashi
Rajshahi,Sirajganj,Raigonj,Sonakhara
Rajshahi,Sirajganj,Shahjadpur,Beltail
Rajshahi,Sirajganj,Shahjadpur,Jalalpur
Rajshahi,Sirajganj,Shahjadpur,Kayempure
Rajshahi,Sirajganj,Shahjadpur,Garadah
Rajshahi,Sirajganj,Shahjadpur,Potazia
Rajshahi,Sirajganj,Shahjadpur,Rupbati
Rajshahi,Sirajganj,Shahjadpur,Gala
Rajshahi,Sirajganj,Shahjadpur,Porzona
Rajshahi,Sirajganj,Shahjadpur,Habibullah Nagar
Rajshahi,Sirajganj,Shahjadpur,Khukni
Rajshahi,Sirajganj,Shahjadpur,Koizuri
Rajshahi,Sirajganj,Shahjadpur,Sonatoni
Rajshahi,Sirajganj,Shahjadpur,Narina
Rajshahi,Sirajganj,Sirajganj Sadar,Bagbati
Rajshahi,Sirajganj,Sirajganj Sadar,Ratankandi
Rajshahi,Sirajganj,Sirajganj Sadar,Bohuli
Rajshahi,Sirajganj,Sirajganj Sadar,Sheyalkol
Rajshahi,Sirajganj,Sirajganj Sadar,Khokshabari
Rajshahi,Sirajganj,Sirajganj Sadar,Songacha
Rajshahi,Sirajganj,Sirajganj Sadar,Mesra
Rajshahi,Sirajganj,Sirajganj Sadar,Kowakhola
Rajshahi,Sirajganj,Sirajganj Sadar,Kaliahoripur
Rajshahi,Sirajganj,Sirajganj Sadar,Soydabad
Rajshahi,Sirajganj,Tarash,Baruhas
Rajshahi,Sirajganj,Tarash,Talam
Rajshahi,Sirajganj,Tarash,Soguna
Rajshahi,Sirajganj,Tarash,Magura Binod
Rajshahi,Sirajganj,Tarash,Naogaon
Rajshahi,Sirajganj,Tarash,Tarash Sadar
Rajshahi,Sirajganj,Tarash,Madhainagar
Rajshahi,Sirajganj,Tarash,Deshigram
Rajshahi,Sirajganj,Ullapara,Ullapara Sadar
Rajshahi,Sirajganj,Ullapara,Ramkrisnopur
Rajshahi,Sirajganj,Ullapara,Bangala
Rajshahi,Sirajganj,Ullapara,Udhunia
Rajshahi,Sirajganj,Ullapara,Boropangashi
Rajshahi,Sirajganj,Ullapara,Durga Nagar
Rajshahi,Sirajganj,Ullapara,Purnimagati
Rajshahi,Sirajganj,Ullapara,Salanga
Rajshahi,Sirajganj,Ullapara,Hatikumrul
Rajshahi,Sirajganj,Ullapara,Borohor
Rajshahi,Sirajganj,Ullapara,Ponchocroshi
Rajshahi,Sirajganj,Ullapara,Salo
Rajshahi,Sirajganj,Ullapara,Mohonpur
Rajshahi,Pabna,Sujanagar,Vaina
Rajshahi,Pabna,Sujanagar,Tantibonda
Rajshahi,Pabna,Sujanagar,Manikhat
Rajshahi,Pabna,Sujanagar,Dulai
Rajshahi,Pabna,Sujanagar,Ahammadpur
Rajshahi,Pabna,Sujanagar,Raninagar
Rajshahi,Pabna,Sujanagar,Satbaria
Rajshahi,Pabna,Sujanagar,Hatkhali
Rajshahi,Pabna,Sujanagar,Nazirganj
Rajshahi,Pabna,Sujanagar,Sagorkandi
Rajshahi,Pabna,Ishurdi,Sara
Rajshahi,Pabna,Ishurdi,Pakshi
Rajshahi,Pabna,Ishurdi,Muladuli
Rajshahi,Pabna,Ishurdi,Dashuria
Rajshahi,Pabna,Ishurdi,Silimpur
Rajshahi,Pabna,Ishurdi,Sahapur
Rajshahi,Pabna,Ishurdi,Luxmikunda
Rajshahi,Pabna,Bhangura,Bhangura
Rajshahi,Pabna,Bhangura,Khanmarich
Rajshahi,Pabna,Bhangura,Ashtamanisha
Rajshahi,Pabna,Bhangura,Dilpasar
Rajshahi,Pabna,Bhangura,Parbhangura
Rajshahi,Pabna,Pabna Sadar,Maligachha
Rajshahi,Pabna,Pabna Sadar,Malanchi
Rajshahi,Pabna,Pabna Sadar,Gayeshpur
Rajshahi,Pabna,Pabna Sadar,Ataikula
Rajshahi,Pabna,Pabna Sadar,Chartarapur
Rajshahi,Pabna,Pabna Sadar,Sadullahpur
Rajshahi,Pabna,Pabna Sadar,Bharara
Rajshahi,Pabna,Pabna Sadar,Dogachi
Rajshahi,Pabna,Pabna Sadar,Hemayetpur
Rajshahi,Pabna,Pabna Sadar,Dapunia
Rajshahi,Pabna,Bera,Haturia Nakalia
Rajshahi,Pabna,Bera,Notun Varenga
Rajshahi,Pabna,Bera,Koitola
Rajshahi,Pabna,Bera,Chakla
Rajshahi,Pabna,Bera,Jatsakhini
Rajshahi,Pabna,Bera,Puran Varenga
Rajshahi,Pabna,Bera,Ruppur
Rajshahi,Pabna,Bera,Masumdia
Rajshahi,Pabna,Bera,Dhalar Char
Rajshahi,Pabna,Atghoria,Majhpara
Rajshahi,Pabna,Atghoria,Chandba
Rajshahi,Pabna,Atghoria,Debottar
Rajshahi,Pabna,Atghoria,Ekdanta
Rajshahi,Pabna,Atghoria,Laxshmipur
Rajshahi,Pabna,Chatmohar,Handial
Rajshahi,Pabna,Chatmohar,Chhaikola
Rajshahi,Pabna,Chatmohar,Nimaichara
Rajshahi,Pabna,Chatmohar,Gunaigachha
Rajshahi,Pabna,Chatmohar,Parshadanga
Rajshahi,Pabna,Chatmohar,Failjana
Rajshahi,Pabna,Chatmohar,Mulgram
Rajshahi,Pabna,Chatmohar,Haripur
Rajshahi,Pabna,Chatmohar,Mothurapur
Rajshahi,Pabna,Chatmohar,Bilchalan
Rajshahi,Pabna,Chatmohar,Danthia Bamangram
Rajshahi,Pabna,Santhia,Nagdemra
Rajshahi,Pabna,Santhia,Dhulauri
Rajshahi,Pabna,Santhia,Bhulbaria
Rajshahi,Pabna,Santhia,Dhopadaha
Rajshahi,Pabna,Santhia,Karamja
Rajshahi,Pabna,Santhia,Kashinathpur
Rajshahi,Pabna,Santhia,Gaurigram
Rajshahi,Pabna,Santhia,Nandanpur
Rajshahi,Pabna,Santhia,Khetupara
Rajshahi,Pabna,Santhia,Ar-Ataikula
Rajshahi,Pabna,Faridpur,Brilahiribari
Rajshahi,Pabna,Faridpur,Pungali
Rajshahi,Pabna,Faridpur,Faridpur
Rajshahi,Pabna,Faridpur,Hadal
Rajshahi,Pabna,Faridpur,Banwarinagar
Rajshahi,Pabna,Faridpur,Demra
Rajshahi,Bogura,Kahaloo,Birkedar
Rajshahi,Bogura,Kahaloo,Kalai
Rajshahi,Bogura,Kahaloo,Paikar
Rajshahi,Bogura,Kahaloo,Narhatta
Rajshahi,Bogura,Kahaloo,Murail
Rajshahi,Bogura,Kahaloo,Kahaloo
Rajshahi,Bogura,Kahaloo,Durgapur
Rajshahi,Bogura,Kahaloo,Jamgaon
Rajshahi,Bogura,Kahaloo,Malancha
Rajshahi,Bogura,Bogra Sadar,Fapore
Rajshahi,Bogura,Bogra Sadar,Shabgram
Rajshahi,Bogura,Bogra Sadar,Nishindara
Rajshahi,Bogura,Bogra Sadar,Erulia
Rajshahi,Bogura,Bogra Sadar,Rajapur
Rajshahi,Bogura,Bogra Sadar,Shakharia
Rajshahi,Bogura,Bogra Sadar,Sekherkola
Rajshahi,Bogura,Bogra Sadar,Gokul
Rajshahi,Bogura,Bogra Sadar,Noongola
Rajshahi,Bogura,Bogra Sadar,Lahiripara
Rajshahi,Bogura,Bogra Sadar,Namuja
Rajshahi,Bogura,Shariakandi,Sariakandi Sadar
Rajshahi,Bogura,Shariakandi,Narchi
Rajshahi,Bogura,Shariakandi,Bohail
Rajshahi,Bogura,Shariakandi,Chaluabari
Rajshahi,Bogura,Shariakandi,Chandanbaisha
Rajshahi,Bogura,Shariakandi,Hatfulbari
Rajshahi,Bogura,Shariakandi,Hatsherpur
Rajshahi,Bogura,Shariakandi,Karnibari
Rajshahi,Bogura,Shariakandi,Kazla
Rajshahi,Bogura,Shariakandi,Kutubpur
Rajshahi,Bogura,Shariakandi,Kamalpur
Rajshahi,Bogura,Shariakandi,Bhelabari
Rajshahi,Bogura,Shajahanpur,Asekpur
Rajshahi,Bogura,Shajahanpur,Madla
Rajshahi,Bogura,Shajahanpur,Majhira
Rajshahi,Bogura,Shajahanpur,Aria
Rajshahi,Bogura,Shajahanpur,Kharna
Rajshahi,Bogura,Shajahanpur,Khottapara
Rajshahi,Bogura,Shajahanpur,Chopinagar
Rajshahi,Bogura,Shajahanpur,Amrul
Rajshahi,Bogura,Shajahanpur,Gohail
Rajshahi,Bogura,Dupchanchia,Zianagar
Rajshahi,Bogura,Dupchanchia,Chamrul
Rajshahi,Bogura,Dupchanchia,Dupchanchia
Rajshahi,Bogura,Dupchanchia,Gunahar
Rajshahi,Bogura,Dupchanchia,Gobindapur
Rajshahi,Bogura,Dupchanchia,Talora
Rajshahi,Bogura,Adamdighi,Chhatiangram
Rajshahi,Bogura,Adamdighi,Nasaratpur
Rajshahi,Bogura,Adamdighi,Adamdighi
Rajshahi,Bogura,Adamdighi,Kundagram
Rajshahi,Bogura,Adamdighi,Chapapur
Rajshahi,Bogura,Adamdighi,Shantahar
Rajshahi,Bogura,Nondigram,Burail
Rajshahi,Bogura,Nondigram,Nandigram
Rajshahi,Bogura,Nondigram,Bhatra
Rajshahi,Bogura,Nondigram,Thalta Majhgram
Rajshahi,Bogura,Nondigram,Bhatgram
Rajshahi,Bogura,Sonatala,Sonatala
Rajshahi,Bogura,Sonatala,Balua
Rajshahi,Bogura,Sonatala,Zorgacha
Rajshahi,Bogura,Sonatala,Digdair
Rajshahi,Bogura,Sonatala,Madhupur
Rajshahi,Bogura,Sonatala,Pakulla
Rajshahi,Bogura,Sonatala,Tekani Chukinagar
Rajshahi,Bogura,Dhunot,Nimgachi
Rajshahi,Bogura,Dhunot,Kalerpara
Rajshahi,Bogura,Dhunot,Chikashi
Rajshahi,Bogura,Dhunot,Gossainbari
Rajshahi,Bogura,Dhunot,Bhandarbari
Rajshahi,Bogura,Dhunot,Gopalnagar
Rajshahi,Bogura,Dhunot,Mothurapur
Rajshahi,Bogura,Dhunot,Chowkibari
Rajshahi,Bogura,Dhunot,Elangi
Rajshahi,Bogura,Dhunot,Dhunat Sadar
Rajshahi,Bogura,Gabtali,Baliadighi
Rajshahi,Bogura,Gabtali,Dakshinpara
Rajshahi,Bogura,Gabtali,Durgahata
Rajshahi,Bogura,Gabtali,Kagail
Rajshahi,Bogura,Gabtali,Sonarai
Rajshahi,Bogura,Gabtali,Rameshwarpur
Rajshahi,Bogura,Gabtali,Naruamala
Rajshahi,Bogura,Gabtali,Nepaltali
Rajshahi,Bogura,Gabtali,Gabtali
Rajshahi,Bogura,Gabtali,Mahishaban
Rajshahi,Bogura,Gabtali,Nasipur
Rajshahi,Bogura,Sherpur,Mirzapur
Rajshahi,Bogura,Sherpur,Khamarkandi
Rajshahi,Bogura,Sherpur,Garidaha
Rajshahi,Bogura,Sherpur,Kusumbi
Rajshahi,Bogura,Sherpur,Bishalpur
Rajshahi,Bogura,Sherpur,Shimabari
Rajshahi,Bogura,Sherpur,Shahbondegi
Rajshahi,Bogura,Sherpur,Sughat
Rajshahi,Bogura,Sherpur,Khanpur
Rajshahi,Bogura,Sherpur,Bhabanipur
Rajshahi,Bogura,Shibganj,Moidanhatta
Rajshahi,Bogura,Shibganj,Kichok
Rajshahi,Bogura,Shibganj,Atmul
Rajshahi,Bogura,Shibganj,Pirob
Rajshahi,Bogura,Shibganj,Majhihatta
Rajshahi,Bogura,Shibganj,Buriganj
Rajshahi,Bogura,Shibganj,Bihar
Rajshahi,Bogura,Shibganj,Shibganj
Rajshahi,Bogura,Shibganj,Deuly
Rajshahi,Bogura,Shibganj,Sayedpur
Rajshahi,Bogura,Shibganj,Mokamtala
Rajshahi,Bogura,Shibganj,Raynagar
Rajshahi,Rajshahi,Paba,Darsanpara
Rajshahi,Rajshahi,Paba,Hujuripara
Rajshahi,Rajshahi,Paba,Damkura
Rajshahi,Rajshahi,Paba,Horipur
Rajshahi,Rajshahi,Paba,Horogram
Rajshahi,Rajshahi,Paba,Harian
Rajshahi,Rajshahi,Paba,Borgachi
Rajshahi,Rajshahi,Paba,Parila
Rajshahi,Rajshahi,Durgapur,Naopara
Rajshahi,Rajshahi,Durgapur,Kismatgankoir
Rajshahi,Rajshahi,Durgapur,Pananagar
Rajshahi,Rajshahi,Durgapur,Deluabari
Rajshahi,Rajshahi,Durgapur,Jhaluka
Rajshahi,Rajshahi,Durgapur,Maria
Rajshahi,Rajshahi,Durgapur,Joynogor
Rajshahi,Rajshahi,Mohonpur,Dhuroil
Rajshahi,Rajshahi,Mohonpur,Ghasigram
Rajshahi,Rajshahi,Mohonpur,Raighati
Rajshahi,Rajshahi,Mohonpur,Mougachi
Rajshahi,Rajshahi,Mohonpur,Baksimoil
Rajshahi,Rajshahi,Mohonpur,Jahanabad
Rajshahi,Rajshahi,Charghat,Yousufpur
Rajshahi,Rajshahi,Charghat,Solua
Rajshahi,Rajshahi,Charghat,Sardah
Rajshahi,Rajshahi,Charghat,Nimpara
Rajshahi,Rajshahi,Charghat,Charghat
Rajshahi,Rajshahi,Charghat,Vialuxmipur
Rajshahi,Rajshahi,Puthia,Puthia
Rajshahi,Rajshahi,Puthia,Belpukuria
Rajshahi,Rajshahi,Puthia,Baneswar
Rajshahi,Rajshahi,Puthia,Valukgachi
Rajshahi,Rajshahi,Puthia,Shilmaria
Rajshahi,Rajshahi,Puthia,Jewpara
Rajshahi,Rajshahi,Bagha,Bajubagha
Rajshahi,Rajshahi,Bagha,Gorgori
Rajshahi,Rajshahi,Bagha,Pakuria
Rajshahi,Rajshahi,Bagha,Monigram
Rajshahi,Rajshahi,Bagha,Bausa
Rajshahi,Rajshahi,Bagha,Arani
Rajshahi,Rajshahi,Godagari,Godagari
Rajshahi,Rajshahi,Godagari,Mohonpur
Rajshahi,Rajshahi,Godagari,Pakri
Rajshahi,Rajshahi,Godagari,Risikul
Rajshahi,Rajshahi,Godagari,Gogram
Rajshahi,Rajshahi,Godagari,Matikata
Rajshahi,Rajshahi,Godagari,Dewpara
Rajshahi,Rajshahi,Godagari,Basudebpur
Rajshahi,Rajshahi,Godagari,Asariadaha
Rajshahi,Rajshahi,Tanore,Kalma
Rajshahi,Rajshahi,Tanore,Badhair
Rajshahi,Rajshahi,Tanore,Panchandar
Rajshahi,Rajshahi,Tanore,Saranjai
Rajshahi,Rajshahi,Tanore,Talondo
Rajshahi,Rajshahi,Tanore,Kamargaon
Rajshahi,Rajshahi,Tanore,Chanduria
Rajshahi,Rajshahi,Bagmara,Gobindopara
Rajshahi,Rajshahi,Bagmara,Nordas
Rajshahi,Rajshahi,Bagmara,Dippur
Rajshahi,Rajshahi,Bagmara,Borobihanoli
Rajshahi,Rajshahi,Bagmara,Auchpara
Rajshahi,Rajshahi,Bagmara,Sreepur
Rajshahi,Rajshahi,Bagmara,Basupara
Rajshahi,Rajshahi,Bagmara,Kacharikoalipara
Rajshahi,Rajshahi,Bagmara,Suvodanga
Rajshahi,Rajshahi,Bagmara,Mariaup
Rajshahi,Rajshahi,Bagmara,Ganipur
Rajshahi,Rajshahi,Bagmara,Zhikara
Rajshahi,Rajshahi,Bagmara,Gualkandi
Rajshahi,Rajshahi,Bagmara,Hamirkutsa
Rajshahi,Rajshahi,Bagmara,Jogipara
Rajshahi,Rajshahi,Bagmara,Sonadanga
Rajshahi,Natore,Natore Sadar,Brahmapur
Rajshahi,Natore,Natore Sadar,Madhnagar
Rajshahi,Natore,Natore Sadar,Khajura
Rajshahi,Natore,Natore Sadar,Piprul
Rajshahi,Natore,Natore Sadar,Biprobelghoria
Rajshahi,Natore,Natore Sadar,Chhatni
Rajshahi,Natore,Natore Sadar,Tebaria
Rajshahi,Natore,Natore Sadar,Dighapatia
Rajshahi,Natore,Natore Sadar,Luxmipurkholabaria
Rajshahi,Natore,Natore Sadar,Barahorispur
Rajshahi,Natore,Natore Sadar,Kaphuria
Rajshahi,Natore,Natore Sadar,Halsa
Rajshahi,Natore,Singra,Sukash
Rajshahi,Natore,Singra,Dahia
Rajshahi,Natore,Singra,Italy
Rajshahi,Natore,Singra,Kalam
Rajshahi,Natore,Singra,Chamari
Rajshahi,Natore,Singra,Hatiandaha
Rajshahi,Natore,Singra,Lalore
Rajshahi,Natore,Singra,Sherkole
Rajshahi,Natore,Singra,Tajpur
Rajshahi,Natore,Singra,Chaugram
Rajshahi,Natore,Singra,Chhatardighi
Rajshahi,Natore,Singra,Ramanandakhajura
Rajshahi,Natore,Baraigram,Joari
Rajshahi,Natore,Baraigram,Baraigram
Rajshahi,Natore,Baraigram,Zonail
Rajshahi,Natore,Baraigram,Nagor
Rajshahi,Natore,Baraigram,Majgoan
Rajshahi,Natore,Baraigram,Gopalpur
Rajshahi,Natore,Baraigram,Chandai
Rajshahi,Natore,Bagatipara,Panka
Rajshahi,Natore,Bagatipara,Jamnagor
Rajshahi,Natore,Bagatipara,Bagatipara
Rajshahi,Natore,Bagatipara,Dayarampur
Rajshahi,Natore,Bagatipara,Faguardiar
Rajshahi,Natore,Lalpur,Lalpur
Rajshahi,Natore,Lalpur,Iswardi
Rajshahi,Natore,Lalpur,Chongdhupoil
Rajshahi,Natore,Lalpur,Arbab
Rajshahi,Natore,Lalpur,Bilmaria
Rajshahi,Natore,Lalpur,Duaria
Rajshahi,Natore,Lalpur,Oalia
Rajshahi,Natore,Lalpur,Durduria
Rajshahi,Natore,Lalpur,Arjunpur
Rajshahi,Natore,Lalpur,Kadimchilan
Rajshahi,Natore,Gurudaspur,Nazirpur
Rajshahi,Natore,Gurudaspur,Biaghat
Rajshahi,Natore,Gurudaspur,Khubjipur
Rajshahi,Natore,Gurudaspur,Dharabarisha
Rajshahi,Natore,Gurudaspur,Moshindha
Rajshahi,Natore,Gurudaspur,Chapila
Rajshahi,Joypurhat,Akkelpur,Rukindipur
Rajshahi,Joypurhat,Akkelpur,Sonamukhi
Rajshahi,Joypurhat,Akkelpur,Tilakpur
Rajshahi,Joypurhat,Akkelpur,Raikali
Rajshahi,Joypurhat,Akkelpur,Gopinathpur
Rajshahi,Joypurhat,Kalai,Matrai
Rajshahi,Joypurhat,Kalai,Ahammedabad
Rajshahi,Joypurhat,Kalai,Punot
Rajshahi,Joypurhat,Kalai,Zindarpur
Rajshahi,Joypurhat,Kalai,Udaipur
Rajshahi,Joypurhat,Khetlal,Alampur
Rajshahi,Joypurhat,Khetlal,Borail
Rajshahi,Joypurhat,Khetlal,Tulshiganga
Rajshahi,Joypurhat,Khetlal,Mamudpur
Rajshahi,Joypurhat,Khetlal,Boratara
Rajshahi,Joypurhat,Panchbibi,Bagjana
Rajshahi,Joypurhat,Panchbibi,Dharanji
Rajshahi,Joypurhat,Panchbibi,Aymarasulpur
Rajshahi,Joypurhat,Panchbibi,Balighata
Rajshahi,Joypurhat,Panchbibi,Atapur
Rajshahi,Joypurhat,Panchbibi,Mohammadpur
Rajshahi,Joypurhat,Panchbibi,Aolai
Rajshahi,Joypurhat,Panchbibi,Kusumba
Rajshahi,Joypurhat,Joypurhat Sadar,Amdai
Rajshahi,Joypurhat,Joypurhat Sadar,Bamb
Rajshahi,Joypurhat,Joypurhat Sadar,Dogachi
Rajshahi,Joypurhat,Joypurhat Sadar,Puranapail
Rajshahi,Joypurhat,Joypurhat Sadar,Jamalpur
Rajshahi,Joypurhat,Joypurhat Sadar,Chakborkat
Rajshahi,Joypurhat,Joypurhat Sadar,Mohammadabad
Rajshahi,Joypurhat,Joypurhat Sadar,Dhalahar
Rajshahi,Joypurhat,Joypurhat Sadar,Bhadsha
Rajshahi,Chapainawabganj,Chapainawabganj Sadar,Alatuli
Rajshahi,Chapainawabganj,Chapainawabganj Sadar,Baroghoria
Rajshahi,Chapainawabganj,Chapainawabganj Sadar,Moharajpur
Rajshahi,Chapainawabganj,Chapainawabganj Sadar,Ranihati
Rajshahi,Chapainawabganj,Chapainawabganj Sadar,Baliadanga
Rajshahi,Chapainawabganj,Chapainawabganj Sadar,Gobratola
Rajshahi,Chapainawabganj,Chapainawabganj Sadar,Jhilim
Rajshahi,Chapainawabganj,Chapainawabganj Sadar,Char Anupnagar
Rajshahi,Chapainawabganj,Chapainawabganj Sadar,Debinagar
Rajshahi,Chapainawabganj,Chapainawabganj Sadar,Shahjahanpur
Rajshahi,Chapainawabganj,Chapainawabganj Sadar,Islampur
Rajshahi,Chapainawabganj,Chapainawabganj Sadar,Charbagdanga
Rajshahi,Chapainawabganj,Chapainawabganj Sadar,Narayanpur
Rajshahi,Chapainawabganj,Chapainawabganj Sadar,Sundarpur
Rajshahi,Chapainawabganj,Gomostapur,Radhanagar
Rajshahi,Chapainawabganj,Gomostapur,Rahanpur
Rajshahi,Chapainawabganj,Gomostapur,Boalia
Rajshahi,Chapainawabganj,Gomostapur,Bangabari
Rajshahi,Chapainawabganj,Gomostapur,Parbotipur
Rajshahi,Chapainawabganj,Gomostapur,Chowdala
Rajshahi,Chapainawabganj,Gomostapur,Gomostapur
Rajshahi,Chapainawabganj,Gomostapur,Alinagar
Rajshahi,Chapainawabganj,Nachol,Fhotepur
Rajshahi,Chapainawabganj,Nachol,Kosba
Rajshahi,Chapainawabganj,Nachol,Nezampur
Rajshahi,Chapainawabganj,Nachol,Nachol
Rajshahi,Chapainawabganj,Bholahat,Bholahat
Rajshahi,Chapainawabganj,Bholahat,Jambaria
Rajshahi,Chapainawabganj,Bholahat,Gohalbari
Rajshahi,Chapainawabganj,Bholahat,Daldoli
Rajshahi,Chapainawabganj,Shibganj,Binodpur
Rajshahi,Chapainawabganj,Shibganj,Chakkirti
Rajshahi,Chapainawabganj,Shibganj,Daipukuria
Rajshahi,Chapainawabganj,Shibganj,Dhainagar
Rajshahi,Chapainawabganj,Shibganj,Durlovpur
Rajshahi,Chapainawabganj,Shibganj,Ghorapakhia
Rajshahi,Chapainawabganj,Shibganj,Mobarakpur
Rajshahi,Chapainawabganj,Shibganj,Monakasha
Rajshahi,Chapainawabganj,Shibganj,Noyalavanga
Rajshahi,Chapainawabganj,Shibganj,Panka
Rajshahi,Chapainawabganj,Shibganj,Chatrajitpur
Rajshahi,Chapainawabganj,Shibganj,Shahabajpur
Rajshahi,Chapainawabganj,Shibganj,Shyampur
Rajshahi,Chapainawabganj,Shibganj,Kansat
Rajshahi,Chapainawabganj,Shibganj,Ujirpur
Rajshahi,Naogaon,Mohadevpur,1nomohadevpur
Rajshahi,Naogaon,Mohadevpur,Hatur
Rajshahi,Naogaon,Mohadevpur,Khajur
Rajshahi,Naogaon,Mohadevpur,Chandas
Rajshahi,Naogaon,Mohadevpur,Enayetpur
Rajshahi,Naogaon,Mohadevpur,Sofapur
Rajshahi,Naogaon,Mohadevpur,Uttargram
Rajshahi,Naogaon,Mohadevpur,Cheragpur
Rajshahi,Naogaon,Mohadevpur,Vimpur
Rajshahi,Naogaon,Mohadevpur,Roygon
Rajshahi,Naogaon,Badalgachi,Badalgachi
Rajshahi,Naogaon,Badalgachi,Mothurapur
Rajshahi,Naogaon,Badalgachi,Paharpur
Rajshahi,Naogaon,Badalgachi,Mithapur
Rajshahi,Naogaon,Badalgachi,Kola
Rajshahi,Naogaon,Badalgachi,Bilashbari
Rajshahi,Naogaon,Badalgachi,Adhaipur
Rajshahi,Naogaon,Badalgachi,Balubhara
Rajshahi,Naogaon,Patnitala,Patnitala
Rajshahi,Naogaon,Patnitala,Nirmail
Rajshahi,Naogaon,Patnitala,Dibar
Rajshahi,Naogaon,Patnitala,Akbarpur
Rajshahi,Naogaon,Patnitala,Matindar
Rajshahi,Naogaon,Patnitala,Krishnapur
Rajshahi,Naogaon,Patnitala,Patichrara
Rajshahi,Naogaon,Patnitala,Nazipur
Rajshahi,Naogaon,Patnitala,Ghasnagar
Rajshahi,Naogaon,Patnitala,Amair
Rajshahi,Naogaon,Patnitala,Shihara
Rajshahi,Naogaon,Dhamoirhat,Dhamoirhat
Rajshahi,Naogaon,Dhamoirhat,Alampur
Rajshahi,Naogaon,Dhamoirhat,Umar
Rajshahi,Naogaon,Dhamoirhat,Aranagar
Rajshahi,Naogaon,Dhamoirhat,Jahanpur
Rajshahi,Naogaon,Dhamoirhat,Isabpur
Rajshahi,Naogaon,Dhamoirhat,Khelna
Rajshahi,Naogaon,Dhamoirhat,Agradigun
Rajshahi,Naogaon,Niamatpur,Hajinagar
Rajshahi,Naogaon,Niamatpur,Chandannagar
Rajshahi,Naogaon,Niamatpur,Bhabicha
Rajshahi,Naogaon,Niamatpur,Niamatpur
Rajshahi,Naogaon,Niamatpur,Rasulpur
Rajshahi,Naogaon,Niamatpur,Paroil
Rajshahi,Naogaon,Niamatpur,Sremantapur
Rajshahi,Naogaon,Niamatpur,Bahadurpur
Rajshahi,Naogaon,Manda,Varsho
Rajshahi,Naogaon,Manda,Valain
Rajshahi,Naogaon,Manda,Paranpur
Rajshahi,Naogaon,Manda,Manda
Rajshahi,Naogaon,Manda,Goneshpur
Rajshahi,Naogaon,Manda,Moinom
Rajshahi,Naogaon,Manda,Proshadpur
Rajshahi,Naogaon,Manda,Kosomba
Rajshahi,Naogaon,Manda,Tetulia
Rajshahi,Naogaon,Manda,Nurullabad
Rajshahi,Naogaon,Manda,Kalikapur
Rajshahi,Naogaon,Manda,Kashopara
Rajshahi,Naogaon,Manda,Koshob
Rajshahi,Naogaon,Manda,Bisnopur
Rajshahi,Naogaon,Atrai,Shahagola
Rajshahi,Naogaon,Atrai,Bhonpara
Rajshahi,Naogaon,Atrai,Ahsanganj
Rajshahi,Naogaon,Atrai,Panchupur
Rajshahi,Naogaon,Atrai,Bisha
Rajshahi,Naogaon,Atrai,Maniary
Rajshahi,Naogaon,Atrai,Kalikapur
Rajshahi,Naogaon,Atrai,Hatkalupara
Rajshahi,Naogaon,Raninagar,Khatteshawr
Rajshahi,Naogaon,Raninagar,Kashimpur
Rajshahi,Naogaon,Raninagar,Gona
Rajshahi,Naogaon,Raninagar,Paroil
Rajshahi,Naogaon,Raninagar,Borgoca
Rajshahi,Naogaon,Raninagar,Kaligram
Rajshahi,Naogaon,Raninagar,Ekdala
Rajshahi,Naogaon,Raninagar,Mirat
Rajshahi,Naogaon,Naogaon Sadar,Barshail
Rajshahi,Naogaon,Naogaon Sadar,Kritipur
Rajshahi,Naogaon,Naogaon Sadar,Baktiarpur
Rajshahi,Naogaon,Naogaon Sadar,Tilakpur
Rajshahi,Naogaon,Naogaon Sadar,Hapaniya
Rajshahi,Naogaon,Naogaon Sadar,Dubalhati
Rajshahi,Naogaon,Naogaon Sadar,Boalia
Rajshahi,Naogaon,Naogaon Sadar,Hashaigari
Rajshahi,Naogaon,Naogaon Sadar,Chandipur
Rajshahi,Naogaon,Naogaon Sadar,Bolihar
Rajshahi,Naogaon,Naogaon Sadar,Shekerpur
Rajshahi,Naogaon,Naogaon Sadar,Shailgachhi
Rajshahi,Naogaon,Porsha,Nitpur
Rajshahi,Naogaon,Porsha,Tetulia
Rajshahi,Naogaon,Porsha,Chhaor
Rajshahi,Naogaon,Porsha,Ganguria
Rajshahi,Naogaon,Porsha,Ghatnagar
Rajshahi,Naogaon,Porsha,Moshidpur
Rajshahi,Naogaon,Sapahar,Sapahar
Rajshahi,Naogaon,Sapahar,Tilna
Rajshahi,Naogaon,Sapahar,Aihai
Rajshahi,Naogaon,Sapahar,Shironti
Rajshahi,Naogaon,Sapahar,Goala
Rajshahi,Naogaon,Sapahar,Patari
Khulna,Jashore,Manirampur,Nehalpur
Khulna,Jashore,Manirampur,Hariharnagar
Khulna,Jashore,Manirampur,Haridaskati
Khulna,Jashore,Manirampur,Shyamkur
Khulna,Jashore,Manirampur,Rohita
Khulna,Jashore,Manirampur,Maswimnagar
Khulna,Jashore,Manirampur,Manoharpur
Khulna,Jashore,Manirampur,Manirampur
Khulna,Jashore,Manirampur,Bhojgati
Khulna,Jashore,Manirampur,Durbadanga
Khulna,Jashore,Manirampur,Dhakuria
Khulna,Jashore,Manirampur,Jhanpa
Khulna,Jashore,Manirampur,Chaluahati
Khulna,Jashore,Manirampur,Khedapara
Khulna,Jashore,Manirampur,Khanpur
Khulna,Jashore,Manirampur,Kultia
Khulna,Jashore,Manirampur,Kashimnagar
Khulna,Jashore,Abhaynagar,Baghutia
Khulna,Jashore,Abhaynagar,Chalishia
Khulna,Jashore,Abhaynagar,Sundoli
Khulna,Jashore,Abhaynagar,Siddhipasha
Khulna,Jashore,Abhaynagar,Sreedharpur
Khulna,Jashore,Abhaynagar,Subharara
Khulna,Jashore,Abhaynagar,Prambag
Khulna,Jashore,Abhaynagar,Payra
Khulna,Jashore,Bagherpara,Jaharpur
Khulna,Jashore,Bagherpara,Jamdia
Khulna,Jashore,Bagherpara,Darajhat
Khulna,Jashore,Bagherpara,Dhalgram
Khulna,Jashore,Bagherpara,Narikelbaria
Khulna,Jashore,Bagherpara,Bandabilla
Khulna,Jashore,Bagherpara,Basuari
Khulna,Jashore,Bagherpara,Roypur
Khulna,Jashore,Bagherpara,Dohakula
Khulna,Jashore,Chougachha,Chougachha
Khulna,Jashore,Chougachha,Jagadishpur
Khulna,Jashore,Chougachha,Dhuliani
Khulna,Jashore,Chougachha,Narayanpur
Khulna,Jashore,Chougachha,Patibila
Khulna,Jashore,Chougachha,Pashapole
Khulna,Jashore,Chougachha,Fulsara
Khulna,Jashore,Chougachha,Singhajhuli
Khulna,Jashore,Chougachha,Sukpukhuria
Khulna,Jashore,Chougachha,Swarupdaha
Khulna,Jashore,Chougachha,Hakimpur
Khulna,Jashore,Jhikargacha,Gangananda
Khulna,Jashore,Jhikargacha,Gadkhali
Khulna,Jashore,Jhikargacha,Jhikargachha
Khulna,Jashore,Jhikargacha,Nabharan
Khulna,Jashore,Jhikargacha,Nibaskhola
Khulna,Jashore,Jhikargacha,Panisara
Khulna,Jashore,Jhikargacha,Bankra
Khulna,Jashore,Jhikargacha,Shankarpur
Khulna,Jashore,Jhikargacha,Shimulia
Khulna,Jashore,Jhikargacha,Hajirbagh
Khulna,Jashore,Jhikargacha,Magura
Khulna,Jashore,Keshabpur,Sufalakati
Khulna,Jashore,Keshabpur,Sagardari
Khulna,Jashore,Keshabpur,Majidpur
Khulna,Jashore,Keshabpur,Mongolkot
Khulna,Jashore,Keshabpur,Bidyanandakati
Khulna,Jashore,Keshabpur,Panjia
Khulna,Jashore,Keshabpur,Trimohini
Khulna,Jashore,Keshabpur,Gaurighona
Khulna,Jashore,Keshabpur,Keshabpur
Khulna,Jashore,Jessore Sadar,Lebutala
Khulna,Jashore,Jessore Sadar,Ichhali
Khulna,Jashore,Jessore Sadar,Arabpur
Khulna,Jashore,Jessore Sadar,Upasahar
Khulna,Jashore,Jessore Sadar,Kachua
Khulna,Jashore,Jessore Sadar,Kashimpur
Khulna,Jashore,Jessore Sadar,Chanchra
Khulna,Jashore,Jessore Sadar,Churamankati
Khulna,Jashore,Jessore Sadar,Narendrapur
Khulna,Jashore,Jessore Sadar,Noapara
Khulna,Jashore,Jessore Sadar,Fathehpur
Khulna,Jashore,Jessore Sadar,Basundia
Khulna,Jashore,Jessore Sadar,Ramnagar
Khulna,Jashore,Jessore Sadar,Haibatpur
Khulna,Jashore,Jessore Sadar,Dearamodel
Khulna,Jashore,Sharsha,Ulshi
Khulna,Jashore,Sharsha,Sharsha
Khulna,Jashore,Sharsha,Lakshmanpur
Khulna,Jashore,Sharsha,Benapole
Khulna,Jashore,Sharsha,Bahadurpur
Khulna,Jashore,Sharsha,Bagachra
Khulna,Jashore,Sharsha,Putkhali
Khulna,Jashore,Sharsha,Nizampur
Khulna,Jashore,Sharsha,Dihi
Khulna,Jashore,Sharsha,Goga
Khulna,Jashore,Sharsha,Kayba
Khulna,Satkhira,Assasuni,Anulia
Khulna,Satkhira,Assasuni,Assasuni
Khulna,Satkhira,Assasuni,Kadakati
Khulna,Satkhira,Assasuni,Kulla
Khulna,Satkhira,Assasuni,Khajra
Khulna,Satkhira,Assasuni,Durgapur
Khulna,Satkhira,Assasuni,Pratapnagar
Khulna,Satkhira,Assasuni,Budhhata
Khulna,Satkhira,Assasuni,Baradal
Khulna,Satkhira,Assasuni,Sreeula
Khulna,Satkhira,Assasuni,Sobhnali
Khulna,Satkhira,Debhata,Kulia
Khulna,Satkhira,Debhata,Debhata
Khulna,Satkhira,Debhata,Noapara
Khulna,Satkhira,Debhata,Parulia
Khulna,Satkhira,Debhata,Sakhipur
Khulna,Satkhira,Kalaroa,Kushadanga
Khulna,Satkhira,Kalaroa,Keralkata
Khulna,Satkhira,Kalaroa,Keragachhi
Khulna,Satkhira,Kalaroa,Kaila
Khulna,Satkhira,Kalaroa,Jallabad
Khulna,Satkhira,Kalaroa,Jogikhali
Khulna,Satkhira,Kalaroa,Langaljhara
Khulna,Satkhira,Kalaroa,Sonabaria
Khulna,Satkhira,Kalaroa,Helatala
Khulna,Satkhira,Kalaroa,Chandanpur
Khulna,Satkhira,Kalaroa,Deara
Khulna,Satkhira,Kalaroa,Joynagar
Khulna,Satkhira,Satkhira Sadar,Shibpur
Khulna,Satkhira,Satkhira Sadar,Labsa
Khulna,Satkhira,Satkhira Sadar,Bhomra
Khulna,Satkhira,Satkhira Sadar,Brahmarajpur
Khulna,Satkhira,Satkhira Sadar,Balli
Khulna,Satkhira,Satkhira Sadar,Banshdaha
Khulna,Satkhira,Satkhira Sadar,Baikari
Khulna,Satkhira,Satkhira Sadar,Fingri
Khulna,Satkhira,Satkhira Sadar,Dhulihar
Khulna,Satkhira,Satkhira Sadar,Jhaudanga
Khulna,Satkhira,Satkhira Sadar,Ghona
Khulna,Satkhira,Satkhira Sadar,Kuskhali
Khulna,Satkhira,Satkhira Sadar,Alipur
Khulna,Satkhira,Satkhira Sadar,Agardari
Khulna,Satkhira,Shyamnagar,Atulia
Khulna,Satkhira,Shyamnagar,Ishwaripur
Khulna,Satkhira,Shyamnagar,Kaikhali
Khulna,Satkhira,Shyamnagar,Kashimari
Khulna,Satkhira,Shyamnagar,Nurnagar
Khulna,Satkhira,Shyamnagar,Padmapukur
Khulna,Satkhira,Shyamnagar,Burigoalini
Khulna,Satkhira,Shyamnagar,Bhurulia
Khulna,Satkhira,Shyamnagar,Munshiganj
Khulna,Satkhira,Shyamnagar,Ramjannagar
Khulna,Satkhira,Shyamnagar,Shyamnagar
Khulna,Satkhira,Shyamnagar,Gabura
Khulna,Satkhira,Tala,Sarulia
Khulna,Satkhira,Tala,Magura
Khulna,Satkhira,Tala,Nagarghata
Khulna,Satkhira,Tala,Dhandia
Khulna,Satkhira,Tala,Tentulia
Khulna,Satkhira,Tala,Tala
Khulna,Satkhira,Tala,Jalalpur
Khulna,Satkhira,Tala,Khesra
Khulna,Satkhira,Tala,Khalishkhali
Khulna,Satkhira,Tala,Khalilnagar
Khulna,Satkhira,Tala,Kumira
Khulna,Satkhira,Tala,Islamkati
Khulna,Satkhira,Kaliganj,Kushlia
Khulna,Satkhira,Kaliganj,Champaphul
Khulna,Satkhira,Kaliganj,Tarali
Khulna,Satkhira,Kaliganj,Dakshin Sreepur
Khulna,Satkhira,Kaliganj,Dhalbaria
Khulna,Satkhira,Kaliganj,Nalta
Khulna,Satkhira,Kaliganj,Bishnupur
Khulna,Satkhira,Kaliganj,Bharasimla
Khulna,Satkhira,Kaliganj,Mathureshpur
Khulna,Satkhira,Kaliganj,Ratanpur
Khulna,Satkhira,Kaliganj,Mautala
Khulna,Satkhira,Kaliganj,Krishnanagar
Khulna,Meherpur,Mujibnagar,Dariapur
Khulna,Meherpur,Mujibnagar,Monakhali
Khulna,Meherpur,Mujibnagar,Bagowan
Khulna,Meherpur,Mujibnagar,Mohajanpur
Khulna,Meherpur,Meherpur Sadar,Amjhupi
Khulna,Meherpur,Meherpur Sadar,Pirojpur
Khulna,Meherpur,Meherpur Sadar,Kutubpur
Khulna,Meherpur,Meherpur Sadar,Amdah
Khulna,Meherpur,Meherpur Sadar,Buripota
Khulna,Meherpur,Gangni,Tentulbaria
Khulna,Meherpur,Gangni,Kazipur
Khulna,Meherpur,Gangni,Bamondi
Khulna,Meherpur,Gangni,Motmura
Khulna,Meherpur,Gangni,Sholotaka
Khulna,Meherpur,Gangni,Shaharbati
Khulna,Meherpur,Gangni,Dhankolla
Khulna,Meherpur,Gangni,Raipur
Khulna,Meherpur,Gangni,Kathuli
Khulna,Narail,Narail Sadar,Sheikhati
Khulna,Narail,Narail Sadar,Tularampur
Khulna,Narail,Narail Sadar,Kalora
Khulna,Narail,Narail Sadar,Shahabad
Khulna,Narail,Narail Sadar,Bashgram
Khulna,Narail,Narail Sadar,Habokhali
Khulna,Narail,Narail Sadar,Maijpara
Khulna,Narail,Narail Sadar,Bisali
Khulna,Narail,Narail Sadar,Chandiborpur
Khulna,Narail,Narail Sadar,Bhadrabila
Khulna,Narail,Narail Sadar,Auria
Khulna,Narail,Narail Sadar,Singasholpur
Khulna,Narail,Narail Sadar,Mulia
Khulna,Narail,Lohagara,Lohagora
Khulna,Narail,Lohagara,Kashipur
Khulna,Narail,Lohagara,Naldi
Khulna,Narail,Lohagara,Noagram
Khulna,Narail,Lohagara,Lahuria
Khulna,Narail,Lohagara,Mallikpur
Khulna,Narail,Lohagara,Salnagar
Khulna,Narail,Lohagara,Lakshmipasha
Khulna,Narail,Lohagara,Joypur
Khulna,Narail,Lohagara,Kotakol
Khulna,Narail,Lohagara,Digholia
Khulna,Narail,Lohagara,Itna
Khulna,Narail,Kalia,Jaynagor
Khulna,Narail,Kalia,Pahordanga
Khulna,Narail,Kalia,Babrahasla
Khulna,Narail,Kalia,Salamabad
Khulna,Narail,Kalia,Baioshona
Khulna,Narail,Kalia,Chacuri
Khulna,Narail,Kalia,Hamidpur
Khulna,Narail,Kalia,Peroli
Khulna,Narail,Kalia,Khashial
Khulna,Narail,Kalia,Purulia
Khulna,Narail,Kalia,Kalabaria
Khulna,Narail,Kalia,Mauli
Khulna,Narail,Kalia,Boronaleliasabad
Khulna,Narail,Kalia,Panchgram
Khulna,Chuadanga,Chuadanga Sadar,Alukdia
Khulna,Chuadanga,Chuadanga Sadar,Mominpur
Khulna,Chuadanga,Chuadanga Sadar,Titudah
Khulna,Chuadanga,Chuadanga Sadar,Shankarchandra
Khulna,Chuadanga,Chuadanga Sadar,Begumpur
Khulna,Chuadanga,Chuadanga Sadar,Kutubpur
Khulna,Chuadanga,Chuadanga Sadar,Padmabila
Khulna,Chuadanga,Alamdanga,Bhangbaria
Khulna,Chuadanga,Alamdanga,Baradi
Khulna,Chuadanga,Alamdanga,Gangni
Khulna,Chuadanga,Alamdanga,Khadimpur
Khulna,Chuadanga,Alamdanga,Jehala
Khulna,Chuadanga,Alamdanga,Belgachi
Khulna,Chuadanga,Alamdanga,Dauki
Khulna,Chuadanga,Alamdanga,Jamjami
Khulna,Chuadanga,Alamdanga,Nagdah
Khulna,Chuadanga,Alamdanga,Kashkorara
Khulna,Chuadanga,Alamdanga,Chitla
Khulna,Chuadanga,Alamdanga,Kalidashpur
Khulna,Chuadanga,Alamdanga,Kumari
Khulna,Chuadanga,Alamdanga,Hardi
Khulna,Chuadanga,Alamdanga,Ailhash
Khulna,Chuadanga,Damurhuda,Damurhuda
Khulna,Chuadanga,Damurhuda,Karpashdanga
Khulna,Chuadanga,Damurhuda,Natipota
Khulna,Chuadanga,Damurhuda,Hawli
Khulna,Chuadanga,Damurhuda,Kurulgachhi
Khulna,Chuadanga,Damurhuda,Perkrishnopur Madna
Khulna,Chuadanga,Damurhuda,Juranpur
Khulna,Chuadanga,Jibannagar,Uthali
Khulna,Chuadanga,Jibannagar,Andulbaria
Khulna,Chuadanga,Jibannagar,Banka
Khulna,Chuadanga,Jibannagar,Shimanto
Khulna,Chuadanga,Jibannagar,Raypur
Khulna,Chuadanga,Jibannagar,Hasadah
Khulna,Kushtia,Kushtia Sadar,Hatash Haripur
Khulna,Kushtia,Kushtia Sadar,Barkhada
Khulna,Kushtia,Kushtia Sadar,Mazampur
Khulna,Kushtia,Kushtia Sadar,Bottail
Khulna,Kushtia,Kushtia Sadar,Alampur
Khulna,Kushtia,Kushtia Sadar,Ziaraakhi
Khulna,Kushtia,Kushtia Sadar,Ailchara
Khulna,Kushtia,Kushtia Sadar,Patikabari
Khulna,Kushtia,Kushtia Sadar,Jhaudia
Khulna,Kushtia,Kushtia Sadar,Ujangram
Khulna,Kushtia,Kushtia Sadar,Abdulpur
Khulna,Kushtia,Kushtia Sadar,Harinarayanpur
Khulna,Kushtia,Kushtia Sadar,Monohardia
Khulna,Kushtia,Kushtia Sadar,Goswami Durgapur
Khulna,Kushtia,Kumarkhali,Kaya
Khulna,Kushtia,Kumarkhali,Jagonnathpur
Khulna,Kushtia,Kumarkhali,Sadki
Khulna,Kushtia,Kumarkhali,Shelaidah
Khulna,Kushtia,Kumarkhali,Nandolalpur
Khulna,Kushtia,Kumarkhali,Chapra
Khulna,Kushtia,Kumarkhali,Bagulat
Khulna,Kushtia,Kumarkhali,Jaduboyra
Khulna,Kushtia,Kumarkhali,Chadpur
Khulna,Kushtia,Kumarkhali,Panti
Khulna,Kushtia,Kumarkhali,Charsadipur
Khulna,Kushtia,Khoksa,Khoksa
Khulna,Kushtia,Khoksa,Osmanpur
Khulna,Kushtia,Khoksa,Janipur
Khulna,Kushtia,Khoksa,Shimulia
Khulna,Kushtia,Khoksa,Joyntihazra
Khulna,Kushtia,Khoksa,Ambaria
Khulna,Kushtia,Khoksa,Bethbaria
Khulna,Kushtia,Khoksa,Shomospur
Khulna,Kushtia,Khoksa,Gopgram
Khulna,Kushtia,Mirpur,Chithalia
Khulna,Kushtia,Mirpur,Bahalbaria
Khulna,Kushtia,Mirpur,Talbaria
Khulna,Kushtia,Mirpur,Baruipara
Khulna,Kushtia,Mirpur,Fulbaria
Khulna,Kushtia,Mirpur,Amla
Khulna,Kushtia,Mirpur,Sadarpur
Khulna,Kushtia,Mirpur,Chhatian
Khulna,Kushtia,Mirpur,Poradaha
Khulna,Kushtia,Mirpur,Kursha
Khulna,Kushtia,Mirpur,Ambaria
Khulna,Kushtia,Mirpur,Dhubail
Khulna,Kushtia,Mirpur,Malihad
Khulna,Kushtia,Daulatpur,Daulatpur
Khulna,Kushtia,Daulatpur,Adabaria
Khulna,Kushtia,Daulatpur,Hogolbaria
Khulna,Kushtia,Daulatpur,Boalia
Khulna,Kushtia,Daulatpur,Philipnagor
Khulna,Kushtia,Daulatpur,Aria
Khulna,Kushtia,Daulatpur,Khalishakundi
Khulna,Kushtia,Daulatpur,Chilmary
Khulna,Kushtia,Daulatpur,Mothurapur
Khulna,Kushtia,Daulatpur,Pragpur
Khulna,Kushtia,Daulatpur,Piarpur
Khulna,Kushtia,Daulatpur,Moricha
Khulna,Kushtia,Daulatpur,Refaitpur
Khulna,Kushtia,Daulatpur,Ramkrishnopur
Khulna,Kushtia,Bheramara,Dharampur
Khulna,Kushtia,Bheramara,Bahirchar
Khulna,Kushtia,Bheramara,Mukarimpur
Khulna,Kushtia,Bheramara,Juniadah
Khulna,Kushtia,Bheramara,Chandgram
Khulna,Kushtia,Bheramara,Bahadurpur
Khulna,Magura,Shalikha,Dhaneshwargati
Khulna,Magura,Shalikha,Talkhari
Khulna,Magura,Shalikha,Arpara
Khulna,Magura,Shalikha,Shatakhali
Khulna,Magura,Shalikha,Shalikha
Khulna,Magura,Shalikha,Bunagati
Khulna,Magura,Shalikha,Gongarampur
Khulna,Magura,Sreepur,Goyespur
Khulna,Magura,Sreepur,Sreekol
Khulna,Magura,Sreepur,Dariapur
Khulna,Magura,Sreepur,Kadirpara
Khulna,Magura,Sreepur,Shobdalpur
Khulna,Magura,Sreepur,Sreepur
Khulna,Magura,Sreepur,Nakol
Khulna,Magura,Sreepur,Amalshar
Khulna,Magura,Magura Sadar,Hazipur
Khulna,Magura,Magura Sadar,Atharokhada
Khulna,Magura,Magura Sadar,Kosundi
Khulna,Magura,Magura Sadar,Bogia
Khulna,Magura,Magura Sadar,Hazrapur
Khulna,Magura,Magura Sadar,Raghobdair
Khulna,Magura,Magura Sadar,Jagdal
Khulna,Magura,Magura Sadar,Chawlia
Khulna,Magura,Magura Sadar,Satrijitpur
Khulna,Magura,Magura Sadar,Baroilpolita
Khulna,Magura,Magura Sadar,Kuchiamora
Khulna,Magura,Magura Sadar,Gopalgram
Khulna,Magura,Magura Sadar,Moghi
Khulna,Magura,Mohammadpur,Digha
Khulna,Magura,Mohammadpur,Nohata
Khulna,Magura,Mohammadpur,Palashbaria
Khulna,Magura,Mohammadpur,Babukhali
Khulna,Magura,Mohammadpur,Balidia
Khulna,Magura,Mohammadpur,Binodpur
Khulna,Magura,Mohammadpur,Mohammadpur
Khulna,Magura,Mohammadpur,Rajapur
Khulna,Khulna,Paikgasa,Horidhali
Khulna,Khulna,Paikgasa,Goroikhali
Khulna,Khulna,Paikgasa,Kopilmuni
Khulna,Khulna,Paikgasa,Lota
Khulna,Khulna,Paikgasa,Deluti
Khulna,Khulna,Paikgasa,Loskor
Khulna,Khulna,Paikgasa,Godaipur
Khulna,Khulna,Paikgasa,Raruli
Khulna,Khulna,Paikgasa,Chandkhali
Khulna,Khulna,Paikgasa,Soladana
Khulna,Khulna,Fultola,Fultola
Khulna,Khulna,Fultola,Damodar
Khulna,Khulna,Fultola,Atra Gilatola
Khulna,Khulna,Fultola,Jamira
Khulna,Khulna,Digholia,Senhati
Khulna,Khulna,Digholia,Gajirhat
Khulna,Khulna,Digholia,Barakpur
Khulna,Khulna,Digholia,Aronghata
Khulna,Khulna,Digholia,Jogipol
Khulna,Khulna,Digholia,Digholia
Khulna,Khulna,Rupsha,Aichgati
Khulna,Khulna,Rupsha,Srifoltola
Khulna,Khulna,Rupsha,Noihati
Khulna,Khulna,Rupsha,Tsb
Khulna,Khulna,Rupsha,Ghatvog
Khulna,Khulna,Terokhada,Terokhada
Khulna,Khulna,Terokhada,Chagladoho
Khulna,Khulna,Terokhada,Barasat
Khulna,Khulna,Terokhada,Sochiadaho
Khulna,Khulna,Terokhada,Modhupur
Khulna,Khulna,Terokhada,Ajgora
Khulna,Khulna,Dumuria,Dumuria
Khulna,Khulna,Dumuria,Magurghona
Khulna,Khulna,Dumuria,Vandarpara
Khulna,Khulna,Dumuria,Sahos
Khulna,Khulna,Dumuria,Rudaghora
Khulna,Khulna,Dumuria,Ghutudia
Khulna,Khulna,Dumuria,Shovna
Khulna,Khulna,Dumuria,Khornia
Khulna,Khulna,Dumuria,Atlia
Khulna,Khulna,Dumuria,Dhamalia
Khulna,Khulna,Dumuria,Raghunathpur
Khulna,Khulna,Dumuria,Rongpur
Khulna,Khulna,Dumuria,Shorafpur
Khulna,Khulna,Dumuria,Magurkhali
Khulna,Khulna,Botiaghata,Botiaghata
Khulna,Khulna,Botiaghata,Amirpur
Khulna,Khulna,Botiaghata,Gongarampur
Khulna,Khulna,Botiaghata,Surkhali
Khulna,Khulna,Botiaghata,Vandarkot
Khulna,Khulna,Botiaghata,Baliadanga
Khulna,Khulna,Botiaghata,Jolma
Khulna,Khulna,Dakop,Dakop
Khulna,Khulna,Dakop,Bajua
Khulna,Khulna,Dakop,Kamarkhola
Khulna,Khulna,Dakop,Tildanga
Khulna,Khulna,Dakop,Sutarkhali
Khulna,Khulna,Dakop,Laudoba
Khulna,Khulna,Dakop,Pankhali
Khulna,Khulna,Dakop,Banishanta
Khulna,Khulna,Dakop,Koilashgonj
Khulna,Khulna,Koyra,Koyra
Khulna,Khulna,Koyra,Moharajpur
Khulna,Khulna,Koyra,Moheswaripur
Khulna,Khulna,Koyra,North Bedkashi
Khulna,Khulna,Koyra,South Bedkashi
Khulna,Khulna,Koyra,Amadi
Khulna,Khulna,Koyra,Bagali
Khulna,Bagerhat,Fakirhat,Betaga
Khulna,Bagerhat,Fakirhat,Lakhpur
Khulna,Bagerhat,Fakirhat,Fakirhat
Khulna,Bagerhat,Fakirhat,Bahirdia-Mansa
Khulna,Bagerhat,Fakirhat,Piljanga
Khulna,Bagerhat,Fakirhat,Naldha-Mouvhog
Khulna,Bagerhat,Fakirhat,Mulghar
Khulna,Bagerhat,Fakirhat,Suvhadia
Khulna,Bagerhat,Bagerhat Sadar,Karapara
Khulna,Bagerhat,Bagerhat Sadar,Bamorta
Khulna,Bagerhat,Bagerhat Sadar,Gotapara
Khulna,Bagerhat,Bagerhat Sadar,Bishnapur
Khulna,Bagerhat,Bagerhat Sadar,Baruipara
Khulna,Bagerhat,Bagerhat Sadar,Jatharapur
Khulna,Bagerhat,Bagerhat Sadar,Shaitgomboj
Khulna,Bagerhat,Bagerhat Sadar,Khanpur
Khulna,Bagerhat,Bagerhat Sadar,Rakhalgachi
Khulna,Bagerhat,Bagerhat Sadar,Dema
Khulna,Bagerhat,Mollahat,Udoypur
Khulna,Bagerhat,Mollahat,Chunkhola
Khulna,Bagerhat,Mollahat,Gangni
Khulna,Bagerhat,Mollahat,Kulia
Khulna,Bagerhat,Mollahat,Gaola
Khulna,Bagerhat,Mollahat,Kodalia
Khulna,Bagerhat,Mollahat,Atjuri
Khulna,Bagerhat,Sarankhola,Dhanshagor
Khulna,Bagerhat,Sarankhola,Khontakata
Khulna,Bagerhat,Sarankhola,Rayenda
Khulna,Bagerhat,Sarankhola,Southkhali
Khulna,Bagerhat,Rampal,Gouramva
Khulna,Bagerhat,Rampal,Uzzalkur
Khulna,Bagerhat,Rampal,Baintala
Khulna,Bagerhat,Rampal,Rampal
Khulna,Bagerhat,Rampal,Rajnagar
Khulna,Bagerhat,Rampal,Hurka
Khulna,Bagerhat,Rampal,Perikhali
Khulna,Bagerhat,Rampal,Vospatia
Khulna,Bagerhat,Rampal,Mollikerbar
Khulna,Bagerhat,Rampal,Bastoli
Khulna,Bagerhat,Morrelganj,Teligati
Khulna,Bagerhat,Morrelganj,Panchakaran
Khulna,Bagerhat,Morrelganj,Putikhali
Khulna,Bagerhat,Morrelganj,Daibagnyahati
Khulna,Bagerhat,Morrelganj,Ramchandrapur
Khulna,Bagerhat,Morrelganj,Chingrakhali
Khulna,Bagerhat,Morrelganj,Jiudhara
Khulna,Bagerhat,Morrelganj,Hoglapasha
Khulna,Bagerhat,Morrelganj,Banagram
Khulna,Bagerhat,Morrelganj,Balaibunia
Khulna,Bagerhat,Morrelganj,Hoglabunia
Khulna,Bagerhat,Morrelganj,Baharbunia
Khulna,Bagerhat,Morrelganj,Morrelganj
Khulna,Bagerhat,Morrelganj,Khaulia
Khulna,Bagerhat,Morrelganj,Nishanbaria
Khulna,Bagerhat,Morrelganj,Baraikhali
Khulna,Bagerhat,Kachua,Gojalia
Khulna,Bagerhat,Kachua,Dhopakhali
Khulna,Bagerhat,Kachua,Moghia
Khulna,Bagerhat,Kachua,Kachua
Khulna,Bagerhat,Kachua,Gopalpur
Khulna,Bagerhat,Kachua,Raripara
Khulna,Bagerhat,Kachua,Badhal
Khulna,Bagerhat,Mongla,Burrirdangga
Khulna,Bagerhat,Mongla,Mithakhali
Khulna,Bagerhat,Mongla,Sonailtala
Khulna,Bagerhat,Mongla,Chadpai
Khulna,Bagerhat,Mongla,Chila
Khulna,Bagerhat,Mongla,Sundarban
Khulna,Bagerhat,Chitalmari,Barobaria
Khulna,Bagerhat,Chitalmari,Kalatala
Khulna,Bagerhat,Chitalmari,Hizla
Khulna,Bagerhat,Chitalmari,Shibpur
Khulna,Bagerhat,Chitalmari,Chitalmari
Khulna,Bagerhat,Chitalmari,Charbaniri
Khulna,Bagerhat,Chitalmari,Shantoshpur
Khulna,Jhenaidah,Jhenaidah Sadar,Sadhuhati
Khulna,Jhenaidah,Jhenaidah Sadar,Modhuhati
Khulna,Jhenaidah,Jhenaidah Sadar,Saganna
Khulna,Jhenaidah,Jhenaidah Sadar,Halidhani
Khulna,Jhenaidah,Jhenaidah Sadar,Kumrabaria
Khulna,Jhenaidah,Jhenaidah Sadar,Ganna
Khulna,Jhenaidah,Jhenaidah Sadar,Maharazpur
Khulna,Jhenaidah,Jhenaidah Sadar,Paglakanai
Khulna,Jhenaidah,Jhenaidah Sadar,Porahati
Khulna,Jhenaidah,Jhenaidah Sadar,Harishongkorpur
Khulna,Jhenaidah,Jhenaidah Sadar,Padmakar
Khulna,Jhenaidah,Jhenaidah Sadar,Dogachhi
Khulna,Jhenaidah,Jhenaidah Sadar,Furshondi
Khulna,Jhenaidah,Jhenaidah Sadar,Ghorshal
Khulna,Jhenaidah,Jhenaidah Sadar,Kalicharanpur
Khulna,Jhenaidah,Jhenaidah Sadar,Surat
Khulna,Jhenaidah,Jhenaidah Sadar,Naldanga
Khulna,Jhenaidah,Shailkupa,Tribeni
Khulna,Jhenaidah,Shailkupa,Mirzapur
Khulna,Jhenaidah,Shailkupa,Dignagore
Khulna,Jhenaidah,Shailkupa,Kancherkol
Khulna,Jhenaidah,Shailkupa,Sarutia
Khulna,Jhenaidah,Shailkupa,Hakimpur
Khulna,Jhenaidah,Shailkupa,Dhaloharachandra
Khulna,Jhenaidah,Shailkupa,Manoharpur
Khulna,Jhenaidah,Shailkupa,Bogura
Khulna,Jhenaidah,Shailkupa,Abaipur
Khulna,Jhenaidah,Shailkupa,Nityanandapur
Khulna,Jhenaidah,Shailkupa,Umedpur
Khulna,Jhenaidah,Shailkupa,Dudshar
Khulna,Jhenaidah,Shailkupa,Fulhari
Khulna,Jhenaidah,Harinakundu,Bhayna
Khulna,Jhenaidah,Harinakundu,Joradah
Khulna,Jhenaidah,Harinakundu,Taherhuda
Khulna,Jhenaidah,Harinakundu,Daulatpur
Khulna,Jhenaidah,Harinakundu,Kapashatia
Khulna,Jhenaidah,Harinakundu,Falsi
Khulna,Jhenaidah,Harinakundu,Raghunathpur
Khulna,Jhenaidah,Harinakundu,Chandpur
Khulna,Jhenaidah,Kaliganj,Sundarpurdurgapur
Khulna,Jhenaidah,Kaliganj,Jamal
Khulna,Jhenaidah,Kaliganj,Kola
Khulna,Jhenaidah,Kaliganj,Niamatpur
Khulna,Jhenaidah,Kaliganj,Simla-Rokonpur
Khulna,Jhenaidah,Kaliganj,Trilochanpur
Khulna,Jhenaidah,Kaliganj,Raygram
Khulna,Jhenaidah,Kaliganj,Maliat
Khulna,Jhenaidah,Kaliganj,Barabazar
Khulna,Jhenaidah,Kaliganj,Kashtabhanga
Khulna,Jhenaidah,Kaliganj,Rakhalgachhi
Khulna,Jhenaidah,Kotchandpur,Sabdalpur
Khulna,Jhenaidah,Kotchandpur,Dora
Khulna,Jhenaidah,Kotchandpur,Kushna
Khulna,Jhenaidah,Kotchandpur,Baluhar
Khulna,Jhenaidah,Kotchandpur,Elangi
Khulna,Jhenaidah,Moheshpur,Sbk
Khulna,Jhenaidah,Moheshpur,Fatepur
Khulna,Jhenaidah,Moheshpur,Panthapara
Khulna,Jhenaidah,Moheshpur,Swaruppur
Khulna,Jhenaidah,Moheshpur,Shyamkur
Khulna,Jhenaidah,Moheshpur,Nepa
Khulna,Jhenaidah,Moheshpur,Kazirber
Khulna,Jhenaidah,Moheshpur,Banshbaria
Khulna,Jhenaidah,Moheshpur,Jadabpur
Khulna,Jhenaidah,Moheshpur,Natima
Khulna,Jhenaidah,Moheshpur,Manderbaria
Khulna,Jhenaidah,Moheshpur,Azampur
Barisal,Jhalakathi,Jhalakathi Sadar,Basanda
Barisal,Jhalakathi,Jhalakathi Sadar,Binoykati
Barisal,Jhalakathi,Jhalakathi Sadar,Gabharamchandrapur
Barisal,Jhalakathi,Jhalakathi Sadar,Keora
Barisal,Jhalakathi,Jhalakathi Sadar,Kirtipasha
Barisal,Jhalakathi,Jhalakathi Sadar,Nabagram
Barisal,Jhalakathi,Jhalakathi Sadar,Nathullabad
Barisal,Jhalakathi,Jhalakathi Sadar,Ponabalia
Barisal,Jhalakathi,Jhalakathi Sadar,Sekherhat
Barisal,Jhalakathi,Jhalakathi Sadar,Gabkhandhansiri
Barisal,Jhalakathi,Kathalia,Amua
Barisal,Jhalakathi,Kathalia,Awrabunia
Barisal,Jhalakathi,Kathalia,Chenchrirampur
Barisal,Jhalakathi,Kathalia,Kanthalia
Barisal,Jhalakathi,Kathalia,Patikhalghata
Barisal,Jhalakathi,Kathalia,Shaulajalia
Barisal,Jhalakathi,Nalchity,Subidpur
Barisal,Jhalakathi,Nalchity,Siddhakati
Barisal,Jhalakathi,Nalchity,Ranapasha
Barisal,Jhalakathi,Nalchity,Nachanmohal
Barisal,Jhalakathi,Nalchity,Mollahat
Barisal,Jhalakathi,Nalchity,Magar
Barisal,Jhalakathi,Nalchity,Kusanghal
Barisal,Jhalakathi,Nalchity,Kulkathi
Barisal,Jhalakathi,Nalchity,Dapdapia
Barisal,Jhalakathi,Nalchity,Bharabpasha
Barisal,Jhalakathi,Rajapur,Suktagarh
Barisal,Jhalakathi,Rajapur,Saturia
Barisal,Jhalakathi,Rajapur,Mathbari
Barisal,Jhalakathi,Rajapur,Galua
Barisal,Jhalakathi,Rajapur,Baraia
Barisal,Jhalakathi,Rajapur,Rajapur
Barisal,Patuakhali,Bauphal,Adabaria
Barisal,Patuakhali,Bauphal,Bauphal
Barisal,Patuakhali,Bauphal,Daspara
Barisal,Patuakhali,Bauphal,Kalaiya
Barisal,Patuakhali,Bauphal,Nawmala
Barisal,Patuakhali,Bauphal,Najirpur
Barisal,Patuakhali,Bauphal,Madanpura
Barisal,Patuakhali,Bauphal,Boga
Barisal,Patuakhali,Bauphal,Kanakdia
Barisal,Patuakhali,Bauphal,Shurjamoni
Barisal,Patuakhali,Bauphal,Keshabpur
Barisal,Patuakhali,Bauphal,Dhulia
Barisal,Patuakhali,Bauphal,Kalisuri
Barisal,Patuakhali,Bauphal,Kachipara
Barisal,Patuakhali,Patuakhali Sadar,Laukathi
Barisal,Patuakhali,Patuakhali Sadar,Lohalia
Barisal,Patuakhali,Patuakhali Sadar,Kamalapur
Barisal,Patuakhali,Patuakhali Sadar,Jainkathi
Barisal,Patuakhali,Patuakhali Sadar,Kalikapur
Barisal,Patuakhali,Patuakhali Sadar,Badarpur
Barisal,Patuakhali,Patuakhali Sadar,Itbaria
Barisal,Patuakhali,Patuakhali Sadar,Marichbunia
Barisal,Patuakhali,Patuakhali Sadar,Auliapur
Barisal,Patuakhali,Patuakhali Sadar,Chotobighai
Barisal,Patuakhali,Patuakhali Sadar,Borobighai
Barisal,Patuakhali,Patuakhali Sadar,Madarbunia
Barisal,Patuakhali,Dumki,Pangasia
Barisal,Patuakhali,Dumki,Muradia
Barisal,Patuakhali,Dumki,Labukhali
Barisal,Patuakhali,Dumki,Angaria
Barisal,Patuakhali,Dumki,Sreerampur
Barisal,Patuakhali,Dashmina,Bashbaria
Barisal,Patuakhali,Dashmina,Rangopaldi
Barisal,Patuakhali,Dashmina,Alipur
Barisal,Patuakhali,Dashmina,Betagi Shankipur
Barisal,Patuakhali,Dashmina,Dashmina
Barisal,Patuakhali,Dashmina,Baharampur
Barisal,Patuakhali,Kalapara,Chakamaia
Barisal,Patuakhali,Kalapara,Tiakhali
Barisal,Patuakhali,Kalapara,Lalua
Barisal,Patuakhali,Kalapara,Dhankhali
Barisal,Patuakhali,Kalapara,Mithagonj
Barisal,Patuakhali,Kalapara,Nilgonj
Barisal,Patuakhali,Kalapara,Dulaser
Barisal,Patuakhali,Kalapara,Latachapli
Barisal,Patuakhali,Kalapara,Mahipur
Barisal,Patuakhali,Kalapara,Dalbugonj
Barisal,Patuakhali,Kalapara,Baliatali
Barisal,Patuakhali,Kalapara,Champapur
Barisal,Patuakhali,Mirzaganj,Madhabkhali
Barisal,Patuakhali,Mirzaganj,Mirzaganj
Barisal,Patuakhali,Mirzaganj,Amragachia
Barisal,Patuakhali,Mirzaganj,Deuli Subidkhali
Barisal,Patuakhali,Mirzaganj,Kakrabunia
Barisal,Patuakhali,Mirzaganj,Majidbaria
Barisal,Patuakhali,Galachipa,Amkhola
Barisal,Patuakhali,Galachipa,Golkhali
Barisal,Patuakhali,Galachipa,Galachipa
Barisal,Patuakhali,Galachipa,Panpatty
Barisal,Patuakhali,Galachipa,Ratandi Taltali
Barisal,Patuakhali,Galachipa,Dakua
Barisal,Patuakhali,Galachipa,Chiknikandi
Barisal,Patuakhali,Galachipa,Gazalia
Barisal,Patuakhali,Galachipa,Charkajol
Barisal,Patuakhali,Galachipa,Charbiswas
Barisal,Patuakhali,Galachipa,Bakulbaria
Barisal,Patuakhali,Galachipa,Kalagachhia
Barisal,Patuakhali,Rangabali,Rangabali
Barisal,Patuakhali,Rangabali,Barobaisdia
Barisal,Patuakhali,Rangabali,Chattobaisdia
Barisal,Patuakhali,Rangabali,Charmontaz
Barisal,Patuakhali,Rangabali,Chalitabunia
Barisal,Pirojpur,Pirojpur Sadar,Shikder Mallik
Barisal,Pirojpur,Pirojpur Sadar,Kodomtala
Barisal,Pirojpur,Pirojpur Sadar,Durgapur
Barisal,Pirojpur,Pirojpur Sadar,Kolakhali
Barisal,Pirojpur,Pirojpur Sadar,Tona
Barisal,Pirojpur,Pirojpur Sadar,Shariktola
Barisal,Pirojpur,Pirojpur Sadar,Shankorpasa
Barisal,Pirojpur,Nazirpur,Mativangga
Barisal,Pirojpur,Nazirpur,Malikhali
Barisal,Pirojpur,Nazirpur,Daulbari Dobra
Barisal,Pirojpur,Nazirpur,Dirgha
Barisal,Pirojpur,Nazirpur,Kolardoania
Barisal,Pirojpur,Nazirpur,Sriramkathi
Barisal,Pirojpur,Nazirpur,Shakhmatia
Barisal,Pirojpur,Nazirpur,Nazirpur Sadar
Barisal,Pirojpur,Nazirpur,Shakharikathi
Barisal,Pirojpur,Kawkhali,Sayna Rogunathpur
Barisal,Pirojpur,Kawkhali,Amrazuri
Barisal,Pirojpur,Kawkhali,Kawkhali Sadar
Barisal,Pirojpur,Kawkhali,Chirapara
Barisal,Pirojpur,Kawkhali,Shialkhathi
Barisal,Pirojpur,Zianagar,Balipara
Barisal,Pirojpur,Zianagar,Pattashi
Barisal,Pirojpur,Zianagar,Parerhat
Barisal,Pirojpur,Bhandaria,Vitabaria
Barisal,Pirojpur,Bhandaria,Nodmulla
Barisal,Pirojpur,Bhandaria,Telikhali
Barisal,Pirojpur,Bhandaria,Ekree
Barisal,Pirojpur,Bhandaria,Dhaoa
Barisal,Pirojpur,Bhandaria,Vandaria Sadar
Barisal,Pirojpur,Bhandaria,Gouripur
Barisal,Pirojpur,Mathbaria,Tuskhali
Barisal,Pirojpur,Mathbaria,Dhanisafa
Barisal,Pirojpur,Mathbaria,Mirukhali
Barisal,Pirojpur,Mathbaria,Tikikata
Barisal,Pirojpur,Mathbaria,Betmor Rajpara
Barisal,Pirojpur,Mathbaria,Amragachia
Barisal,Pirojpur,Mathbaria,Shapleza
Barisal,Pirojpur,Mathbaria,Daudkhali
Barisal,Pirojpur,Mathbaria,Mathbaria
Barisal,Pirojpur,Mathbaria,Baramasua
Barisal,Pirojpur,Mathbaria,Haltagulishakhali
Barisal,Pirojpur,Nesarabad,Boldia
Barisal,Pirojpur,Nesarabad,Sohagdal
Barisal,Pirojpur,Nesarabad,Atghorkuriana
Barisal,Pirojpur,Nesarabad,Jolabari
Barisal,Pirojpur,Nesarabad,Doyhary
Barisal,Pirojpur,Nesarabad,Guarekha
Barisal,Pirojpur,Nesarabad,Somudoykathi
Barisal,Pirojpur,Nesarabad,Sutiakathi
Barisal,Pirojpur,Nesarabad,Sarengkathi
Barisal,Pirojpur,Nesarabad,Shorupkathi
Barisal,Barisal,Barisal Sadar,Raipasha Karapur
Barisal,Barisal,Barisal Sadar,Kashipur
Barisal,Barisal,Barisal Sadar,Charbaria
Barisal,Barisal,Barisal Sadar,Shyastabad
Barisal,Barisal,Barisal Sadar,Charmonai
Barisal,Barisal,Barisal Sadar,Zagua
Barisal,Barisal,Barisal Sadar,Charcowa
Barisal,Barisal,Barisal Sadar,Chandpura
Barisal,Barisal,Barisal Sadar,Tungibaria
Barisal,Barisal,Barisal Sadar,Chandramohan
Barisal,Barisal,Bakerganj,Charamaddi
Barisal,Barisal,Bakerganj,Charade
Barisal,Barisal,Bakerganj,Darial
Barisal,Barisal,Bakerganj,Dudhal
Barisal,Barisal,Bakerganj,Durgapasha
Barisal,Barisal,Bakerganj,Faridpur
Barisal,Barisal,Bakerganj,Kabai
Barisal,Barisal,Bakerganj,Nalua
Barisal,Barisal,Bakerganj,Kalashkathi
Barisal,Barisal,Bakerganj,Garuria
Barisal,Barisal,Bakerganj,Bharpasha
Barisal,Barisal,Bakerganj,Rangasree
Barisal,Barisal,Bakerganj,Padreeshibpur
Barisal,Barisal,Bakerganj,Niamoti
Barisal,Barisal,Babuganj,Jahangir Nagar
Barisal,Barisal,Babuganj,Kaderpur
Barisal,Barisal,Babuganj,Deherhoti
Barisal,Barisal,Babuganj,Chandpasha
Barisal,Barisal,Babuganj,Rahamtpur
Barisal,Barisal,Babuganj,Madhbpasha
Barisal,Barisal,Wazirpur,Shatla
Barisal,Barisal,Wazirpur,Harta
Barisal,Barisal,Wazirpur,Jalla
Barisal,Barisal,Wazirpur,Otra
Barisal,Barisal,Wazirpur,Sholok
Barisal,Barisal,Wazirpur,Barakhota
Barisal,Barisal,Wazirpur,Bamrail
Barisal,Barisal,Wazirpur,Shikerpur Wazirpur
Barisal,Barisal,Wazirpur,Gouthia
Barisal,Barisal,Banaripara,Bisharkandi
Barisal,Barisal,Banaripara,Illuhar
Barisal,Barisal,Banaripara,Sayedkathi
Barisal,Barisal,Banaripara,Chakhar
Barisal,Barisal,Banaripara,Saliabakpur
Barisal,Barisal,Banaripara,Baishari
Barisal,Barisal,Banaripara,Banaripara
Barisal,Barisal,Banaripara,Udykhati
Barisal,Barisal,Gournadi,Khanjapur
Barisal,Barisal,Gournadi,Barthi
Barisal,Barisal,Gournadi,Chandshi
Barisal,Barisal,Gournadi,Mahilara
Barisal,Barisal,Gournadi,Nalchira
Barisal,Barisal,Gournadi,Batajore
Barisal,Barisal,Gournadi,Sarikal
Barisal,Barisal,Agailjhara,Rajihar
Barisal,Barisal,Agailjhara,Bakal
Barisal,Barisal,Agailjhara,Bagdha
Barisal,Barisal,Agailjhara,Goila
Barisal,Barisal,Agailjhara,Ratnapur
Barisal,Barisal,Mehendiganj,Andarmanik
Barisal,Barisal,Mehendiganj,Lata
Barisal,Barisal,Mehendiganj,Charakkorea
Barisal,Barisal,Mehendiganj,Ulania
Barisal,Barisal,Mehendiganj,Mehendigong
Barisal,Barisal,Mehendiganj,Biddanandapur
Barisal,Barisal,Mehendiganj,Bhashanchar
Barisal,Barisal,Mehendiganj,Jangalia
Barisal,Barisal,Mehendiganj,Alimabad
Barisal,Barisal,Mehendiganj,Chandpur
Barisal,Barisal,Mehendiganj,Darirchar Khajuria
Barisal,Barisal,Mehendiganj,Gobindapur
Barisal,Barisal,Mehendiganj,Chargopalpur
Barisal,Barisal,Muladi,Batamara
Barisal,Barisal,Muladi,Nazirpur
Barisal,Barisal,Muladi,Safipur
Barisal,Barisal,Muladi,Gaschua
Barisal,Barisal,Muladi,Charkalekha
Barisal,Barisal,Muladi,Muladi
Barisal,Barisal,Muladi,Kazirchar
Barisal,Barisal,Hizla,Harinathpur
Barisal,Barisal,Hizla,Memania
Barisal,Barisal,Hizla,Guabaria
Barisal,Barisal,Hizla,Barjalia
Barisal,Barisal,Hizla,Hizla Gourabdi
Barisal,Barisal,Hizla,Dhulkhola
Barisal,Bhola,Bhola Sadar,Razapur
Barisal,Bhola,Bhola Sadar,Ilisha
Barisal,Bhola,Bhola Sadar,Westilisa
Barisal,Bhola,Bhola Sadar,Kachia
Barisal,Bhola,Bhola Sadar,Bapta
Barisal,Bhola,Bhola Sadar,Dhania
Barisal,Bhola,Bhola Sadar,Shibpur
Barisal,Bhola,Bhola Sadar,Alinagor
Barisal,Bhola,Bhola Sadar,Charshamya
Barisal,Bhola,Bhola Sadar,Vhelumia
Barisal,Bhola,Bhola Sadar,Vheduria
Barisal,Bhola,Bhola Sadar,North Digholdi
Barisal,Bhola,Bhola Sadar,South Digholdi
Barisal,Bhola,Borhan Sddin,Boromanika
Barisal,Bhola,Borhan Sddin,Deula
Barisal,Bhola,Borhan Sddin,Kutuba
Barisal,Bhola,Borhan Sddin,Pakshia
Barisal,Bhola,Borhan Sddin,Kachia
Barisal,Bhola,Charfesson,Osmangonj
Barisal,Bhola,Charfesson,Aslampur
Barisal,Bhola,Charfesson,Zinnagor
Barisal,Bhola,Charfesson,Aminabad
Barisal,Bhola,Charfesson,Nilkomol
Barisal,Bhola,Charfesson,Charmadraj
Barisal,Bhola,Charfesson,Awajpur
Barisal,Bhola,Charfesson,Awajpur
Barisal,Bhola,Charfesson,Charkolmi
Barisal,Bhola,Charfesson,Charmanika
Barisal,Bhola,Charfesson,Hazarigonj
Barisal,Bhola,Charfesson,Jahanpur
Barisal,Bhola,Charfesson,Nurabad
Barisal,Bhola,Charfesson,Rasulpur
Barisal,Bhola,Charfesson,Kukrimukri
Barisal,Bhola,Charfesson,Abubakarpur
Barisal,Bhola,Charfesson,Abdullahpur
Barisal,Bhola,Charfesson,Nazrulnagar
Barisal,Bhola,Charfesson,Mujibnagar
Barisal,Bhola,Charfesson,Dalchar
Barisal,Bhola,Doulatkhan,Madanpur
Barisal,Bhola,Doulatkhan,Madua
Barisal,Bhola,Doulatkhan,Charpata
Barisal,Bhola,Doulatkhan,North Joy Nagar
Barisal,Bhola,Doulatkhan,South Joy Nagar
Barisal,Bhola,Doulatkhan,Char Khalipa
Barisal,Bhola,Doulatkhan,Sayedpur
Barisal,Bhola,Doulatkhan,Hazipur
Barisal,Bhola,Doulatkhan,Vhovanipur
Barisal,Bhola,Monpura,Hazirhat
Barisal,Bhola,Monpura,Monpura
Barisal,Bhola,Monpura,North Sakuchia
Barisal,Bhola,Monpura,South Sakuchia
Barisal,Bhola,Tazumuddin,Chanchra
Barisal,Bhola,Tazumuddin,Shambupur
Barisal,Bhola,Tazumuddin,Sonapur
Barisal,Bhola,Tazumuddin,Chadpur
Barisal,Bhola,Tazumuddin,Baro Molongchora
Barisal,Bhola,Lalmohan,Badarpur
Barisal,Bhola,Lalmohan,Charbhuta
Barisal,Bhola,Lalmohan,Kalma
Barisal,Bhola,Lalmohan,Dholigour Nagar
Barisal,Bhola,Lalmohan,Lalmohan
Barisal,Bhola,Lalmohan,Lord Hardinge
Barisal,Bhola,Lalmohan,Ramagonj
Barisal,Bhola,Lalmohan,Paschim Char Umed
Barisal,Bhola,Lalmohan,Farajgonj
Barisal,Barguna,Amtali,Amtali
Barisal,Barguna,Amtali,Gulishakhali
Barisal,Barguna,Amtali,Athrogasia
Barisal,Barguna,Amtali,Kukua
Barisal,Barguna,Amtali,Haldia
Barisal,Barguna,Amtali,Chotobogi
Barisal,Barguna,Amtali,Arpangasia
Barisal,Barguna,Amtali,Chowra
Barisal,Barguna,Barguna Sadar,M. Baliatali
Barisal,Barguna,Barguna Sadar,Noltona
Barisal,Barguna,Barguna Sadar,Bodorkhali
Barisal,Barguna,Barguna Sadar,Gowrichanna
Barisal,Barguna,Barguna Sadar,Fuljhuri
Barisal,Barguna,Barguna Sadar,Keorabunia
Barisal,Barguna,Barguna Sadar,Ayla Patakata
Barisal,Barguna,Barguna Sadar,Burirchor
Barisal,Barguna,Barguna Sadar,Dhalua
Barisal,Barguna,Barguna Sadar,Barguna
Barisal,Barguna,Betagi,Bibichini
Barisal,Barguna,Betagi,Betagi
Barisal,Barguna,Betagi,Hosnabad
Barisal,Barguna,Betagi,Mokamia
Barisal,Barguna,Betagi,Buramajumder
Barisal,Barguna,Betagi,Kazirabad
Barisal,Barguna,Betagi,Sarisamuri
Barisal,Barguna,Bamna,Bukabunia
Barisal,Barguna,Bamna,Bamna
Barisal,Barguna,Bamna,Ramna
Barisal,Barguna,Bamna,Doutola
Barisal,Barguna,Pathorghata,Raihanpur
Barisal,Barguna,Pathorghata,Nachnapara
Barisal,Barguna,Pathorghata,Charduany
Barisal,Barguna,Pathorghata,Patharghata
Barisal,Barguna,Pathorghata,Kalmegha
Barisal,Barguna,Pathorghata,Kakchira
Barisal,Barguna,Pathorghata,Kathaltali
Barisal,Barguna,Taltali,Karibaria
Barisal,Barguna,Taltali,Panchakoralia
Barisal,Barguna,Taltali,Barabagi
Barisal,Barguna,Taltali,Chhotabagi
Barisal,Barguna,Taltali,Nishanbaria
Barisal,Barguna,Taltali,Sarikkhali
Barisal,Barguna,Taltali,Sonakata
Sylhet,Sylhet,Osmaninagar,Tazpur
Sylhet,Sylhet,Osmaninagar,Umorpur
Sylhet,Sylhet,Osmaninagar,West Poilanpur
Sylhet,Sylhet,Balaganj,East Poilanpur
Sylhet,Sylhet,Balaganj,Boaljur
Sylhet,Sylhet,Osmaninagar,Burungabazar
Sylhet,Sylhet,Osmaninagar,Goalabazar
Sylhet,Sylhet,Osmaninagar,Doyamir
Sylhet,Sylhet,Osmaninagar,Usmanpur
Sylhet,Sylhet,Balaganj,Dewanbazar
Sylhet,Sylhet,Balaganj,West Gouripur
Sylhet,Sylhet,Balaganj,East Gouripur
Sylhet,Sylhet,Balaganj,Balaganj
Sylhet,Sylhet,Osmaninagar,Sadipur
Sylhet,Sylhet,Beanibazar,Tilpara
Sylhet,Sylhet,Beanibazar,Alinagar
Sylhet,Sylhet,Beanibazar,Charkhai
Sylhet,Sylhet,Beanibazar,Dubag
Sylhet,Sylhet,Beanibazar,Sheola
Sylhet,Sylhet,Beanibazar,Kurarbazar
Sylhet,Sylhet,Beanibazar,Mathiura
Sylhet,Sylhet,Beanibazar,Mullapur
Sylhet,Sylhet,Beanibazar,Muria
Sylhet,Sylhet,Beanibazar,Lauta
Sylhet,Sylhet,Bishwanath,Rampasha
Sylhet,Sylhet,Bishwanath,Lamakazi
Sylhet,Sylhet,Bishwanath,Khajanchi
Sylhet,Sylhet,Bishwanath,Alankari
Sylhet,Sylhet,Bishwanath,Dewkalash
Sylhet,Sylhet,Bishwanath,Bishwanath
Sylhet,Sylhet,Bishwanath,Doshghar
Sylhet,Sylhet,Bishwanath,Daulatpur
Sylhet,Sylhet,Companiganj,Telikhal
Sylhet,Sylhet,Companiganj,Islampur Paschim
Sylhet,Sylhet,Companiganj,Islampur Purba
Sylhet,Sylhet,Companiganj,Isakalas
Sylhet,Sylhet,Companiganj,Uttor Ronikhai
Sylhet,Sylhet,Companiganj,Dakkin Ronikhai
Sylhet,Sylhet,Fenchuganj,Ghilachora
Sylhet,Sylhet,Fenchuganj,Fenchuganj
Sylhet,Sylhet,Fenchuganj,Uttar Kushiara
Sylhet,Sylhet,Fenchuganj,Uttar Fenchuganj
Sylhet,Sylhet,Fenchuganj,Maijgaon
Sylhet,Sylhet,Golapganj,Golapganj
Sylhet,Sylhet,Golapganj,Fulbari
Sylhet,Sylhet,Golapganj,Lakshmipasha
Sylhet,Sylhet,Golapganj,Budhbaribazar
Sylhet,Sylhet,Golapganj,Dhakadakshin
Sylhet,Sylhet,Golapganj,Sharifganj
Sylhet,Sylhet,Golapganj,Uttar Badepasha
Sylhet,Sylhet,Golapganj,Lakshanaband
Sylhet,Sylhet,Golapganj,Bhadeshwar
Sylhet,Sylhet,Golapganj,West Amura
Sylhet,Sylhet,Gowainghat,Fothepur
Sylhet,Sylhet,Gowainghat,Rustampur
Sylhet,Sylhet,Gowainghat,Paschim Jaflong
Sylhet,Sylhet,Gowainghat,Purba Jaflong
Sylhet,Sylhet,Gowainghat,Lengura
Sylhet,Sylhet,Gowainghat,Alirgaon
Sylhet,Sylhet,Gowainghat,Nandirgaon
Sylhet,Sylhet,Gowainghat,Towakul
Sylhet,Sylhet,Gowainghat,Daubari
Sylhet,Sylhet,Jaintiapur,Nijpat
Sylhet,Sylhet,Jaintiapur,Jaintapur
Sylhet,Sylhet,Jaintiapur,Charikatha
Sylhet,Sylhet,Jaintiapur,Darbast
Sylhet,Sylhet,Jaintiapur,Fatehpur
Sylhet,Sylhet,Jaintiapur,Chiknagul
Sylhet,Sylhet,Kanaighat,Rajagonj
Sylhet,Sylhet,Kanaighat,Lakshiprashad Purbo
Sylhet,Sylhet,Kanaighat,Lakshiprashad Pashim
Sylhet,Sylhet,Kanaighat,Digirpar Purbo
Sylhet,Sylhet,Kanaighat,Satbakh
Sylhet,Sylhet,Kanaighat,Barachotul
Sylhet,Sylhet,Kanaighat,Kanaighat
Sylhet,Sylhet,Kanaighat,Dakhin Banigram
Sylhet,Sylhet,Kanaighat,Jinghabari
Sylhet,Sylhet,Sylhet Sadar,Jalalabad
Sylhet,Sylhet,Sylhet Sadar,Hatkhula
Sylhet,Sylhet,Sylhet Sadar,Khadimnagar
Sylhet,Sylhet,Sylhet Sadar,Khadimpara
Sylhet,Sylhet,Sylhet Sadar,Tultikor
Sylhet,Sylhet,Sylhet Sadar,Tukerbazar
Sylhet,Sylhet,Sylhet Sadar,Mugolgaon
Sylhet,Sylhet,Sylhet Sadar,Kandigaon
Sylhet,Sylhet,Zakiganj,Manikpur
Sylhet,Sylhet,Zakiganj,Sultanpur
Sylhet,Sylhet,Zakiganj,Barohal
Sylhet,Sylhet,Zakiganj,Birorsri
Sylhet,Sylhet,Zakiganj,Kajalshah
Sylhet,Sylhet,Zakiganj,Kolachora
Sylhet,Sylhet,Zakiganj,Zakiganj
Sylhet,Sylhet,Zakiganj,Barothakuri
Sylhet,Sylhet,Zakiganj,Kaskanakpur
Sylhet,Sylhet,Dakshinsurma,Lalabazar
Sylhet,Sylhet,Dakshinsurma,Moglabazar
Sylhet,Sylhet,Dakshinsurma,Boroikandi
Sylhet,Sylhet,Dakshinsurma,Silam
Sylhet,Sylhet,Dakshinsurma,Daudpur
Sylhet,Sylhet,Dakshinsurma,Mollargaon
Sylhet,Sylhet,Dakshinsurma,Kuchai
Sylhet,Sylhet,Dakshinsurma,Kamalbazar
Sylhet,Sylhet,Dakshinsurma,Jalalpur
Sylhet,Sylhet,Dakshinsurma,Tetli
Sylhet,Moulvibazar,Barlekha,Talimpur
Sylhet,Moulvibazar,Barlekha,Borni
Sylhet,Moulvibazar,Barlekha,Dasherbazar
Sylhet,Moulvibazar,Barlekha,Nizbahadurpur
Sylhet,Moulvibazar,Barlekha,Uttar Shahbajpur
Sylhet,Moulvibazar,Barlekha,Dakkhin Shahbajpur
Sylhet,Moulvibazar,Barlekha,Talimpur
Sylhet,Moulvibazar,Barlekha,Baralekha
Sylhet,Moulvibazar,Barlekha,Dakshinbhag Uttar
Sylhet,Moulvibazar,Barlekha,Dakshinbhag Dakkhin
Sylhet,Moulvibazar,Barlekha,Sujanagar
Sylhet,Moulvibazar,Kamolganj,Adampur
Sylhet,Moulvibazar,Kamolganj,Patanushar
Sylhet,Moulvibazar,Kamolganj,Madhabpur
Sylhet,Moulvibazar,Kamolganj,Rahimpur
Sylhet,Moulvibazar,Kamolganj,Shamshernagar
Sylhet,Moulvibazar,Kamolganj,Kamalgonj
Sylhet,Moulvibazar,Kamolganj,Islampur
Sylhet,Moulvibazar,Kamolganj,Munshibazar
Sylhet,Moulvibazar,Kamolganj,Alinagar
Sylhet,Moulvibazar,Kulaura,Baramchal
Sylhet,Moulvibazar,Kulaura,Bhukshimail
Sylhet,Moulvibazar,Kulaura,Joychandi
Sylhet,Moulvibazar,Kulaura,Brammanbazar
Sylhet,Moulvibazar,Kulaura,Kadipur
Sylhet,Moulvibazar,Kulaura,Kulaura
Sylhet,Moulvibazar,Kulaura,Rauthgaon
Sylhet,Moulvibazar,Kulaura,Tilagaon
Sylhet,Moulvibazar,Kulaura,Sharifpur
Sylhet,Moulvibazar,Kulaura,Prithimpassa
Sylhet,Moulvibazar,Kulaura,Kormodha
Sylhet,Moulvibazar,Kulaura,Bhatera
Sylhet,Moulvibazar,Kulaura,Hazipur
Sylhet,Moulvibazar,Moulvibazar Sadar,Amtail
Sylhet,Moulvibazar,Moulvibazar Sadar,Khalilpur
Sylhet,Moulvibazar,Moulvibazar Sadar,Monumukh
Sylhet,Moulvibazar,Moulvibazar Sadar,Kamalpur
Sylhet,Moulvibazar,Moulvibazar Sadar,Apar Kagabala
Sylhet,Moulvibazar,Moulvibazar Sadar,Akhailkura
Sylhet,Moulvibazar,Moulvibazar Sadar,Ekatuna
Sylhet,Moulvibazar,Moulvibazar Sadar,Chadnighat
Sylhet,Moulvibazar,Moulvibazar Sadar,Konokpur
Sylhet,Moulvibazar,Moulvibazar Sadar,Nazirabad
Sylhet,Moulvibazar,Moulvibazar Sadar,Mostafapur
Sylhet,Moulvibazar,Moulvibazar Sadar,Giasnagar
Sylhet,Moulvibazar,Rajnagar,Fotepur
Sylhet,Moulvibazar,Rajnagar,Uttorbhag
Sylhet,Moulvibazar,Rajnagar,Munsibazar
Sylhet,Moulvibazar,Rajnagar,Panchgaon
Sylhet,Moulvibazar,Rajnagar,Rajnagar
Sylhet,Moulvibazar,Rajnagar,Tengra
Sylhet,Moulvibazar,Rajnagar,Kamarchak
Sylhet,Moulvibazar,Rajnagar,Munsurnagar
Sylhet,Moulvibazar,Sreemangal,Mirzapur
Sylhet,Moulvibazar,Sreemangal,Bhunabir
Sylhet,Moulvibazar,Sreemangal,Sreemangal
Sylhet,Moulvibazar,Sreemangal,Sindurkhan
Sylhet,Moulvibazar,Sreemangal,Kalapur
Sylhet,Moulvibazar,Sreemangal,Ashidron
Sylhet,Moulvibazar,Sreemangal,Rajghat
Sylhet,Moulvibazar,Sreemangal,Kalighat
Sylhet,Moulvibazar,Sreemangal,Satgaon
Sylhet,Moulvibazar,Juri,Jafornagar
Sylhet,Moulvibazar,Juri,West Juri
Sylhet,Moulvibazar,Juri,Gualbari
Sylhet,Moulvibazar,Juri,Sagornal
Sylhet,Moulvibazar,Juri,Fultola
Sylhet,Moulvibazar,Juri,Eastjuri
Sylhet,Habiganj,Nabiganj,Barabhakoir Paschim
Sylhet,Habiganj,Nabiganj,Barabhakoir Purba
Sylhet,Habiganj,Nabiganj,Inatganj
Sylhet,Habiganj,Nabiganj,Digholbak
Sylhet,Habiganj,Nabiganj,Aushkandi
Sylhet,Habiganj,Nabiganj,Kurshi
Sylhet,Habiganj,Nabiganj,Kargoan
Sylhet,Habiganj,Nabiganj,Nabiganj Sadar
Sylhet,Habiganj,Nabiganj,Bausha
Sylhet,Habiganj,Nabiganj,Debparra
Sylhet,Habiganj,Nabiganj,Gaznaipur
Sylhet,Habiganj,Nabiganj,Kaliarbhanga
Sylhet,Habiganj,Nabiganj,Paniumda
Sylhet,Habiganj,Bahubal,Snanghat
Sylhet,Habiganj,Bahubal,Putijuri
Sylhet,Habiganj,Bahubal,Satkapon
Sylhet,Habiganj,Bahubal,Bahubal Sadar
Sylhet,Habiganj,Bahubal,Lamatashi
Sylhet,Habiganj,Bahubal,Mirpur
Sylhet,Habiganj,Bahubal,Bhadeshwar
Sylhet,Habiganj,Ajmiriganj,Shibpasha
Sylhet,Habiganj,Ajmiriganj,Kakailsao
Sylhet,Habiganj,Ajmiriganj,Ajmiriganj Sadar
Sylhet,Habiganj,Ajmiriganj,Badolpur
Sylhet,Habiganj,Ajmiriganj,Jolsuka
Sylhet,Habiganj,Baniachong,Baniachong North East
Sylhet,Habiganj,Baniachong,Baniachong North West
Sylhet,Habiganj,Baniachong,Baniachong South East
Sylhet,Habiganj,Baniachong,Baniachong South West
Sylhet,Habiganj,Baniachong,Daulatpur
Sylhet,Habiganj,Baniachong,Khagaura
Sylhet,Habiganj,Baniachong,Baraiuri
Sylhet,Habiganj,Baniachong,Kagapasha
Sylhet,Habiganj,Baniachong,Pukra
Sylhet,Habiganj,Baniachong,Subidpur
Sylhet,Habiganj,Baniachong,Makrampur
Sylhet,Habiganj,Baniachong,Sujatpur
Sylhet,Habiganj,Baniachong,Mandari
Sylhet,Habiganj,Baniachong,Muradpur
Sylhet,Habiganj,Baniachong,Pailarkandi
Sylhet,Habiganj,Lakhai,Lakhai
Sylhet,Habiganj,Lakhai,Murakari
Sylhet,Habiganj,Lakhai,Muriauk
Sylhet,Habiganj,Lakhai,Bamoi
Sylhet,Habiganj,Lakhai,Karab
Sylhet,Habiganj,Lakhai,Bulla
Sylhet,Habiganj,Chunarughat,Gazipur
Sylhet,Habiganj,Chunarughat,Ahammadabad
Sylhet,Habiganj,Chunarughat,Deorgach
Sylhet,Habiganj,Chunarughat,Paikpara
Sylhet,Habiganj,Chunarughat,Shankhala
Sylhet,Habiganj,Chunarughat,Chunarughat
Sylhet,Habiganj,Chunarughat,Ubahata
Sylhet,Habiganj,Chunarughat,Shatiajuri
Sylhet,Habiganj,Chunarughat,Ranigaon
Sylhet,Habiganj,Chunarughat,Mirashi
Sylhet,Habiganj,Habiganj Sadar,Lukra
Sylhet,Habiganj,Habiganj Sadar,Richi
Sylhet,Habiganj,Habiganj Sadar,Teghoria
Sylhet,Habiganj,Habiganj Sadar,Poil
Sylhet,Habiganj,Habiganj Sadar,Gopaya
Sylhet,Habiganj,Habiganj Sadar,Rajiura
Sylhet,Habiganj,Habiganj Sadar,Nurpur
Sylhet,Habiganj,Habiganj Sadar,Shayestaganj
Sylhet,Habiganj,Habiganj Sadar,Nijampur
Sylhet,Habiganj,Habiganj Sadar,Laskerpur
Sylhet,Habiganj,Madhabpur,Dharmaghar
Sylhet,Habiganj,Madhabpur,Choumohani
Sylhet,Habiganj,Madhabpur,Bahara
Sylhet,Habiganj,Madhabpur,Adaoir
Sylhet,Habiganj,Madhabpur,Andiura
Sylhet,Habiganj,Madhabpur,Shahjahanpur
Sylhet,Habiganj,Madhabpur,Jagadishpur
Sylhet,Habiganj,Madhabpur,Bulla
Sylhet,Habiganj,Madhabpur,Noapara
Sylhet,Habiganj,Madhabpur,Chhatiain
Sylhet,Habiganj,Madhabpur,Bagashura
Sylhet,Sunamganj,Sunamganj Sadar,Jahangirnagar
Sylhet,Sunamganj,Sunamganj Sadar,Rangarchar
Sylhet,Sunamganj,Sunamganj Sadar,Aptabnagar
Sylhet,Sunamganj,Sunamganj Sadar,Gourarang
Sylhet,Sunamganj,Sunamganj Sadar,Mollapara
Sylhet,Sunamganj,Sunamganj Sadar,Laxmansree
Sylhet,Sunamganj,Sunamganj Sadar,Kathair
Sylhet,Sunamganj,Sunamganj Sadar,Surma
Sylhet,Sunamganj,Sunamganj Sadar,Mohonpur
Sylhet,Sunamganj,South Sunamganj,Shimulbak
Sylhet,Sunamganj,South Sunamganj,Paschim Pagla
Sylhet,Sunamganj,South Sunamganj,Joykalash
Sylhet,Sunamganj,South Sunamganj,Purba Pagla
Sylhet,Sunamganj,South Sunamganj,Patharia
Sylhet,Sunamganj,South Sunamganj,Purba Birgaon
Sylhet,Sunamganj,South Sunamganj,Dargapasha
Sylhet,Sunamganj,South Sunamganj,Paschim Birgaon
Sylhet,Sunamganj,Bishwambarpur,Palash
Sylhet,Sunamganj,Bishwambarpur,Solukabad
Sylhet,Sunamganj,Bishwambarpur,Dhanpur
Sylhet,Sunamganj,Bishwambarpur,Badaghat South
Sylhet,Sunamganj,Bishwambarpur,Fatepur
Sylhet,Sunamganj,Chhatak,Islampur
Sylhet,Sunamganj,Chhatak,Noarai
Sylhet,Sunamganj,Chhatak,Chhatak Sadar
Sylhet,Sunamganj,Chhatak,Kalaruka
Sylhet,Sunamganj,Chhatak,Gobindganj-Syedergaon
Sylhet,Sunamganj,Chhatak,Chhaila Afjalabad
Sylhet,Sunamganj,Chhatak,Khurma North
Sylhet,Sunamganj,Chhatak,Khurma South
Sylhet,Sunamganj,Chhatak,Chormohalla
Sylhet,Sunamganj,Chhatak,Jauwabazar
Sylhet,Sunamganj,Chhatak,Singchapair
Sylhet,Sunamganj,Chhatak,Dolarbazar
Sylhet,Sunamganj,Chhatak,Bhatgaon
Sylhet,Sunamganj,Jagannathpur,Kolkolia
Sylhet,Sunamganj,Jagannathpur,Patli
Sylhet,Sunamganj,Jagannathpur,Mirpur
Sylhet,Sunamganj,Jagannathpur,Chilaura Holdipur
Sylhet,Sunamganj,Jagannathpur,Raniganj
Sylhet,Sunamganj,Jagannathpur,Syedpur Shaharpara
Sylhet,Sunamganj,Jagannathpur,Asharkandi
Sylhet,Sunamganj,Jagannathpur,Pailgaon
Sylhet,Sunamganj,Dowarabazar,Banglabazar
Sylhet,Sunamganj,Dowarabazar,Norsingpur
Sylhet,Sunamganj,Dowarabazar,Dowarabazar
Sylhet,Sunamganj,Dowarabazar,Mannargaon
Sylhet,Sunamganj,Dowarabazar,Pandargaon
Sylhet,Sunamganj,Dowarabazar,Dohalia
Sylhet,Sunamganj,Dowarabazar,Laxmipur
Sylhet,Sunamganj,Dowarabazar,Boglabazar
Sylhet,Sunamganj,Dowarabazar,Surma
Sylhet,Sunamganj,Tahirpur,Sreepur North
Sylhet,Sunamganj,Tahirpur,Sreepur South
Sylhet,Sunamganj,Tahirpur,Bordal South
Sylhet,Sunamganj,Tahirpur,Bordal North
Sylhet,Sunamganj,Tahirpur,Badaghat
Sylhet,Sunamganj,Tahirpur,Tahirpur Sadar
Sylhet,Sunamganj,Tahirpur,Balijuri
Sylhet,Sunamganj,Dharmapasha,Bongshikunda North
Sylhet,Sunamganj,Dharmapasha,Bongshikunda South
Sylhet,Sunamganj,Dharmapasha,Chamordani
Sylhet,Sunamganj,Dharmapasha,Madhyanagar
Sylhet,Sunamganj,Dharmapasha,Paikurati
Sylhet,Sunamganj,Dharmapasha,Selbarash
Sylhet,Sunamganj,Dharmapasha,Dharmapasha Sadar
Sylhet,Sunamganj,Dharmapasha,Joyasree
Sylhet,Sunamganj,Dharmapasha,Sukhair Rajapur North
Sylhet,Sunamganj,Dharmapasha,Sukhair Rajapur South
Sylhet,Sunamganj,Jamalganj,Beheli
Sylhet,Sunamganj,Jamalganj,Sachnabazar
Sylhet,Sunamganj,Jamalganj,Bhimkhali
Sylhet,Sunamganj,Jamalganj,Fenerbak
Sylhet,Sunamganj,Jamalganj,Jamalganj Sadar
Sylhet,Sunamganj,Shalla,Atgaon
Sylhet,Sunamganj,Shalla,Habibpur
Sylhet,Sunamganj,Shalla,Bahara
Sylhet,Sunamganj,Shalla,Shalla Sadar
Sylhet,Sunamganj,Derai,Rafinagar
Sylhet,Sunamganj,Derai,Bhatipara
Sylhet,Sunamganj,Derai,Rajanagar
Sylhet,Sunamganj,Derai,Charnarchar
Sylhet,Sunamganj,Derai,Derai Sarmangal
Sylhet,Sunamganj,Derai,Karimpur
Sylhet,Sunamganj,Derai,Jagddol
Sylhet,Sunamganj,Derai,Taral
Sylhet,Sunamganj,Derai,Kulanj
Dhaka,Narsingdi,Belabo,Amlaba
Dhaka,Narsingdi,Belabo,Bajnaba
Dhaka,Narsingdi,Belabo,Belabo
Dhaka,Narsingdi,Belabo,Binnabayd
Dhaka,Narsingdi,Belabo,Charuzilab
Dhaka,Narsingdi,Belabo,Naraynpur
Dhaka,Narsingdi,Belabo,Sallabad
Dhaka,Narsingdi,Belabo,Patuli
Dhaka,Narsingdi,Belabo,Diara
Dhaka,Narsingdi,Monohardi,Barachapa
Dhaka,Narsingdi,Monohardi,Chalakchar
Dhaka,Narsingdi,Monohardi,Charmandalia
Dhaka,Narsingdi,Monohardi,Ekduaria
Dhaka,Narsingdi,Monohardi,Gotashia
Dhaka,Narsingdi,Monohardi,Kanchikata
Dhaka,Narsingdi,Monohardi,Khidirpur
Dhaka,Narsingdi,Monohardi,Shukundi
Dhaka,Narsingdi,Monohardi,Dawlatpur
Dhaka,Narsingdi,Monohardi,Krisnopur
Dhaka,Narsingdi,Monohardi,Labutala
Dhaka,Narsingdi,Monohardi,Chandanbari
Dhaka,Narsingdi,Narsingdi Sadar,Alokbali
Dhaka,Narsingdi,Narsingdi Sadar,Chardighaldi
Dhaka,Narsingdi,Narsingdi Sadar,Chinishpur
Dhaka,Narsingdi,Narsingdi Sadar,Hajipur
Dhaka,Narsingdi,Narsingdi Sadar,Karimpur
Dhaka,Narsingdi,Narsingdi Sadar,Khathalia
Dhaka,Narsingdi,Narsingdi Sadar,Nuralapur
Dhaka,Narsingdi,Narsingdi Sadar,Mahishasura
Dhaka,Narsingdi,Narsingdi Sadar,Meherpara
Dhaka,Narsingdi,Narsingdi Sadar,Nazarpur
Dhaka,Narsingdi,Narsingdi Sadar,Paikarchar
Dhaka,Narsingdi,Narsingdi Sadar,Panchdona
Dhaka,Narsingdi,Narsingdi Sadar,Silmandi
Dhaka,Narsingdi,Narsingdi Sadar,Amdia
Dhaka,Narsingdi,Palash,Danga
Dhaka,Narsingdi,Palash,Charsindur
Dhaka,Narsingdi,Palash,Jinardi
Dhaka,Narsingdi,Palash,Gazaria
Dhaka,Narsingdi,Raipura,Chanpur
Dhaka,Narsingdi,Raipura,Alipura
Dhaka,Narsingdi,Raipura,Amirganj
Dhaka,Narsingdi,Raipura,Adiabad
Dhaka,Narsingdi,Raipura,Banshgari
Dhaka,Narsingdi,Raipura,Chanderkandi
Dhaka,Narsingdi,Raipura,Chararalia
Dhaka,Narsingdi,Raipura,Charmadhua
Dhaka,Narsingdi,Raipura,Charsubuddi
Dhaka,Narsingdi,Raipura,Daukarchar
Dhaka,Narsingdi,Raipura,Hairmara
Dhaka,Narsingdi,Raipura,Maheshpur
Dhaka,Narsingdi,Raipura,Mirzanagar
Dhaka,Narsingdi,Raipura,Mirzarchar
Dhaka,Narsingdi,Raipura,Nilakhya
Dhaka,Narsingdi,Raipura,Palashtali
Dhaka,Narsingdi,Raipura,Paratali
Dhaka,Narsingdi,Raipura,Sreenagar
Dhaka,Narsingdi,Raipura,Roypura
Dhaka,Narsingdi,Raipura,Musapur
Dhaka,Narsingdi,Raipura,Uttar Bakharnagar
Dhaka,Narsingdi,Raipura,Marjal
Dhaka,Narsingdi,Shibpur,Dulalpur
Dhaka,Narsingdi,Shibpur,Joynagar
Dhaka,Narsingdi,Shibpur,Sadharchar
Dhaka,Narsingdi,Shibpur,Masimpur
Dhaka,Narsingdi,Shibpur,Chakradha
Dhaka,Narsingdi,Shibpur,Joshar
Dhaka,Narsingdi,Shibpur,Baghabo
Dhaka,Narsingdi,Shibpur,Ayubpur
Dhaka,Narsingdi,Shibpur,Putia
Dhaka,Gazipur,Kaliganj,Bahadursadi
Dhaka,Gazipur,Kaliganj,Baktarpur
Dhaka,Gazipur,Kaliganj,Jamalpurnew
Dhaka,Gazipur,Kaliganj,Jangalia
Dhaka,Gazipur,Kaliganj,Moktarpur
Dhaka,Gazipur,Kaliganj,Nagari
Dhaka,Gazipur,Kaliganj,Tumulia
Dhaka,Gazipur,Kaliakair,Atabaha
Dhaka,Gazipur,Kaliakair,Boali
Dhaka,Gazipur,Kaliakair,Chapair
Dhaka,Gazipur,Kaliakair,Dhaliora
Dhaka,Gazipur,Kaliakair,Fulbaria
Dhaka,Gazipur,Kaliakair,Madhyapara
Dhaka,Gazipur,Kaliakair,Mouchak
Dhaka,Gazipur,Kaliakair,Sutrapur
Dhaka,Gazipur,Kaliakair,Srifaltali
Dhaka,Gazipur,Kapasia,Barishaba
Dhaka,Gazipur,Kapasia,Ghagotia
Dhaka,Gazipur,Kapasia,Kapasia
Dhaka,Gazipur,Kapasia,Chandpur
Dhaka,Gazipur,Kapasia,Targoan
Dhaka,Gazipur,Kapasia,Karihata
Dhaka,Gazipur,Kapasia,Tokh
Dhaka,Gazipur,Kapasia,Sinhasree
Dhaka,Gazipur,Kapasia,Durgapur
Dhaka,Gazipur,Kapasia,Sonmania
Dhaka,Gazipur,Kapasia,Rayed
Dhaka,Gazipur,Gazipur Sadar,Baria
Dhaka,Gazipur,Gazipur Sadar,Basan
Dhaka,Gazipur,Gazipur Sadar,Gachha
Dhaka,Gazipur,Gazipur Sadar,Kashimpur
Dhaka,Gazipur,Gazipur Sadar,Kayaltia
Dhaka,Gazipur,Gazipur Sadar,Konabari
Dhaka,Gazipur,Gazipur Sadar,Mirzapur
Dhaka,Gazipur,Gazipur Sadar,Pubail
Dhaka,Gazipur,Sreepur,Barmi
Dhaka,Gazipur,Sreepur,Gazipur
Dhaka,Gazipur,Sreepur,Gosinga
Dhaka,Gazipur,Sreepur,Maona
Dhaka,Gazipur,Sreepur,Kaoraid
Dhaka,Gazipur,Sreepur,Prahladpur
Dhaka,Gazipur,Sreepur,Rajabari
Dhaka,Gazipur,Sreepur,Telihati
Dhaka,Shariatpur,Shariatpur Sadar,Binodpur
Dhaka,Shariatpur,Shariatpur Sadar,Tulasar
Dhaka,Shariatpur,Shariatpur Sadar,Palong
Dhaka,Shariatpur,Shariatpur Sadar,Domshar
Dhaka,Shariatpur,Shariatpur Sadar,Rudrakar
Dhaka,Shariatpur,Shariatpur Sadar,Angaria
Dhaka,Shariatpur,Shariatpur Sadar,Chitolia
Dhaka,Shariatpur,Shariatpur Sadar,Mahmudpur
Dhaka,Shariatpur,Shariatpur Sadar,Chikondi
Dhaka,Shariatpur,Shariatpur Sadar,Chandrapur
Dhaka,Shariatpur,Shariatpur Sadar,Shulpara
Dhaka,Shariatpur,Naria,Kedarpur
Dhaka,Shariatpur,Naria,Dingamanik
Dhaka,Shariatpur,Naria,Garishar
Dhaka,Shariatpur,Naria,Nowpara
Dhaka,Shariatpur,Naria,Moktererchar
Dhaka,Shariatpur,Naria,Charatra
Dhaka,Shariatpur,Naria,Rajnagar
Dhaka,Shariatpur,Naria,Japsa
Dhaka,Shariatpur,Naria,Vojeshwar
Dhaka,Shariatpur,Naria,Fategongpur
Dhaka,Shariatpur,Naria,Bijari
Dhaka,Shariatpur,Naria,Vumkhara
Dhaka,Shariatpur,Naria,Nashason
Dhaka,Shariatpur,Zajira,Zajira Sadar
Dhaka,Shariatpur,Zajira,Mulna
Dhaka,Shariatpur,Zajira,Barokandi
Dhaka,Shariatpur,Zajira,Bilaspur
Dhaka,Shariatpur,Zajira,Kundarchar
Dhaka,Shariatpur,Zajira,Palerchar
Dhaka,Shariatpur,Zajira,Purba Nawdoba
Dhaka,Shariatpur,Zajira,Nawdoba
Dhaka,Shariatpur,Zajira,Shenerchar
Dhaka,Shariatpur,Zajira,Bknagar
Dhaka,Shariatpur,Zajira,Barogopalpur
Dhaka,Shariatpur,Zajira,Jaynagor
Dhaka,Shariatpur,Gosairhat,Nager Para
Dhaka,Shariatpur,Gosairhat,Alaolpur
Dhaka,Shariatpur,Gosairhat,Kodalpur
Dhaka,Shariatpur,Gosairhat,Goshairhat
Dhaka,Shariatpur,Gosairhat,Edilpur
Dhaka,Shariatpur,Gosairhat,Nalmuri
Dhaka,Shariatpur,Gosairhat,Samontasar
Dhaka,Shariatpur,Gosairhat,Kuchipatti
Dhaka,Shariatpur,Bhedarganj,Ramvadrapur
Dhaka,Shariatpur,Bhedarganj,Mahisar
Dhaka,Shariatpur,Bhedarganj,Saygaon
Dhaka,Shariatpur,Bhedarganj,Narayanpur
Dhaka,Shariatpur,Bhedarganj,D.M Khali
Dhaka,Shariatpur,Bhedarganj,Charkumaria
Dhaka,Shariatpur,Bhedarganj,Sakhipur
Dhaka,Shariatpur,Bhedarganj,Kachikata
Dhaka,Shariatpur,Bhedarganj,North Tarabunia
Dhaka,Shariatpur,Bhedarganj,Charvaga
Dhaka,Shariatpur,Bhedarganj,Arsinagar
Dhaka,Shariatpur,Bhedarganj,South Tarabunia
Dhaka,Shariatpur,Bhedarganj,Charsensas
Dhaka,Shariatpur,Damudya,Shidulkura
Dhaka,Shariatpur,Damudya,Kaneshar
Dhaka,Shariatpur,Damudya,Purba Damudya
Dhaka,Shariatpur,Damudya,Islampur
Dhaka,Shariatpur,Damudya,Dankati
Dhaka,Shariatpur,Damudya,Sidya
Dhaka,Shariatpur,Damudya,Darulaman
Dhaka,Narayanganj,Araihazar,Satgram
Dhaka,Narayanganj,Araihazar,Duptara
Dhaka,Narayanganj,Araihazar,Brahammandi
Dhaka,Narayanganj,Araihazar,Fatepur
Dhaka,Narayanganj,Araihazar,Bishnandi
Dhaka,Narayanganj,Araihazar,Mahmudpur
Dhaka,Narayanganj,Araihazar,Highjadi
Dhaka,Narayanganj,Araihazar,Uchitpura
Dhaka,Narayanganj,Araihazar,Kalapaharia
Dhaka,Narayanganj,Araihazar,Kagkanda
Dhaka,Narayanganj,Bandar,Musapur
Dhaka,Narayanganj,Bandar,Modonpur
Dhaka,Narayanganj,Bandar,Bandar
Dhaka,Narayanganj,Bandar,Dhamgar
Dhaka,Narayanganj,Bandar,Kolagathia
Dhaka,Narayanganj,Narayanganj Sadar,Alirtek
Dhaka,Narayanganj,Narayanganj Sadar,Kashipur
Dhaka,Narayanganj,Narayanganj Sadar,Kutubpur
Dhaka,Narayanganj,Narayanganj Sadar,Gognagar
Dhaka,Narayanganj,Narayanganj Sadar,Baktaboli
Dhaka,Narayanganj,Narayanganj Sadar,Enayetnagor
Dhaka,Narayanganj,Rupganj,Murapara
Dhaka,Narayanganj,Rupganj,Bhulta
Dhaka,Narayanganj,Rupganj,Golakandail
Dhaka,Narayanganj,Rupganj,Daudpur
Dhaka,Narayanganj,Rupganj,Rupganj
Dhaka,Narayanganj,Rupganj,Kayetpara
Dhaka,Narayanganj,Rupganj,Bholobo
Dhaka,Narayanganj,Sonargaon,Pirojpur
Dhaka,Narayanganj,Sonargaon,Shambhupura
Dhaka,Narayanganj,Sonargaon,Mograpara
Dhaka,Narayanganj,Sonargaon,Baidyerbazar
Dhaka,Narayanganj,Sonargaon,Baradi
Dhaka,Narayanganj,Sonargaon,Noagaon
Dhaka,Narayanganj,Sonargaon,Jampur
Dhaka,Narayanganj,Sonargaon,Sadipur
Dhaka,Narayanganj,Sonargaon,Sonmandi
Dhaka,Narayanganj,Sonargaon,Kanchpur
Dhaka,Tangail,Basail,Basail
Dhaka,Tangail,Basail,Kanchanpur
Dhaka,Tangail,Basail,Habla
Dhaka,Tangail,Basail,Kashil
Dhaka,Tangail,Basail,Fulki
Dhaka,Tangail,Basail,Kauljani
Dhaka,Tangail,Bhuapur,Arjuna
Dhaka,Tangail,Bhuapur,Gabshara
Dhaka,Tangail,Bhuapur,Falda
Dhaka,Tangail,Bhuapur,Gobindashi
Dhaka,Tangail,Bhuapur,Aloa
Dhaka,Tangail,Bhuapur,Nikrail
Dhaka,Tangail,Delduar,Deuli
Dhaka,Tangail,Delduar,Lauhati
Dhaka,Tangail,Delduar,Patharail
Dhaka,Tangail,Delduar,Delduar
Dhaka,Tangail,Delduar,Fazilhati
Dhaka,Tangail,Delduar,Elasin
Dhaka,Tangail,Delduar,Atia
Dhaka,Tangail,Delduar,Dubail
Dhaka,Tangail,Ghatail,Deulabari
Dhaka,Tangail,Ghatail,Ghatail
Dhaka,Tangail,Ghatail,Jamuria
Dhaka,Tangail,Ghatail,Lokerpara
Dhaka,Tangail,Ghatail,Anehola
Dhaka,Tangail,Ghatail,Dighalkandia
Dhaka,Tangail,Ghatail,Digar
Dhaka,Tangail,Ghatail,Deopara
Dhaka,Tangail,Ghatail,Sandhanpur
Dhaka,Tangail,Ghatail,Rasulpur
Dhaka,Tangail,Ghatail,Dhalapara
Dhaka,Tangail,Gopalpur,Hadera
Dhaka,Tangail,Gopalpur,Jhawail
Dhaka,Tangail,Gopalpur,Nagdashimla
Dhaka,Tangail,Gopalpur,Dhopakandi
Dhaka,Tangail,Gopalpur,Alamnagor
Dhaka,Tangail,Gopalpur,Hemnagor
Dhaka,Tangail,Gopalpur,Mirzapur
Dhaka,Tangail,Madhupur,Alokdia
Dhaka,Tangail,Madhupur,Aushnara
Dhaka,Tangail,Madhupur,Aronkhola
Dhaka,Tangail,Madhupur,Sholakuri
Dhaka,Tangail,Madhupur,Golabari
Dhaka,Tangail,Madhupur,Mirjabari
Dhaka,Tangail,Mirzapur,Mahera
Dhaka,Tangail,Mirzapur,Jamurki
Dhaka,Tangail,Mirzapur,Fatepur
Dhaka,Tangail,Mirzapur,Banail
Dhaka,Tangail,Mirzapur,Anaitara
Dhaka,Tangail,Mirzapur,Warshi
Dhaka,Tangail,Mirzapur,Bhatram
Dhaka,Tangail,Mirzapur,Bahuria
Dhaka,Tangail,Mirzapur,Gorai
Dhaka,Tangail,Mirzapur,Ajgana
Dhaka,Tangail,Mirzapur,Tarafpur
Dhaka,Tangail,Mirzapur,Bastail
Dhaka,Tangail,Mirzapur,Baora
Dhaka,Tangail,Mirzapur,Latifpur
Dhaka,Tangail,Nagarpur,Bharra
Dhaka,Tangail,Nagarpur,Sahabathpur
Dhaka,Tangail,Nagarpur,Goyhata
Dhaka,Tangail,Nagarpur,Solimabad
Dhaka,Tangail,Nagarpur,Nagorpur
Dhaka,Tangail,Nagarpur,Mamudnagor
Dhaka,Tangail,Nagarpur,Mokna
Dhaka,Tangail,Nagarpur,Pakutia
Dhaka,Tangail,Nagarpur,Bekrah Atgram
Dhaka,Tangail,Nagarpur,Dhuburia
Dhaka,Tangail,Nagarpur,Bhadra
Dhaka,Tangail,Nagarpur,Doptior
Dhaka,Tangail,Sakhipur,Kakrajan
Dhaka,Tangail,Sakhipur,Gajaria
Dhaka,Tangail,Sakhipur,Jaduppur
Dhaka,Tangail,Sakhipur,Hatibandha
Dhaka,Tangail,Sakhipur,Kalia
Dhaka,Tangail,Sakhipur,Dariapur
Dhaka,Tangail,Sakhipur,Kalmegha
Dhaka,Tangail,Sakhipur,Baharatoil
Dhaka,Tangail,Tangail Sadar,Mogra
Dhaka,Tangail,Tangail Sadar,Gala
Dhaka,Tangail,Tangail Sadar,Gharinda
Dhaka,Tangail,Tangail Sadar,Karatia
Dhaka,Tangail,Tangail Sadar,Silimpur
Dhaka,Tangail,Tangail Sadar,Porabari
Dhaka,Tangail,Tangail Sadar,Dyenna
Dhaka,Tangail,Tangail Sadar,Baghil
Dhaka,Tangail,Tangail Sadar,Kakua
Dhaka,Tangail,Tangail Sadar,Hugra
Dhaka,Tangail,Tangail Sadar,Katuli
Dhaka,Tangail,Tangail Sadar,Mahamudnagar
Dhaka,Tangail,Kalihati,Durgapur
Dhaka,Tangail,Kalihati,Birbashinda
Dhaka,Tangail,Kalihati,Narandia
Dhaka,Tangail,Kalihati,Shahadebpur
Dhaka,Tangail,Kalihati,Kokdahara
Dhaka,Tangail,Kalihati,Balla
Dhaka,Tangail,Kalihati,Salla
Dhaka,Tangail,Kalihati,Nagbari
Dhaka,Tangail,Kalihati,Bangra
Dhaka,Tangail,Kalihati,Paikora
Dhaka,Tangail,Kalihati,Dashokia
Dhaka,Tangail,Kalihati,Parkhi
Dhaka,Tangail,Kalihati,Gohaliabari
Dhaka,Tangail,Dhanbari,Dhopakhali
Dhaka,Tangail,Dhanbari,Paiska
Dhaka,Tangail,Dhanbari,Mushuddi
Dhaka,Tangail,Dhanbari,Bolibodrow
Dhaka,Tangail,Dhanbari,Birtara
Dhaka,Tangail,Dhanbari,Baniajan
Dhaka,Tangail,Dhanbari,Jadunathpur
Dhaka,Kishoreganj,Itna,Chawganga
Dhaka,Kishoreganj,Itna,Joysiddi
Dhaka,Kishoreganj,Itna,Alonjori
Dhaka,Kishoreganj,Itna,Badla
Dhaka,Kishoreganj,Itna,Boribari
Dhaka,Kishoreganj,Itna,Itna
Dhaka,Kishoreganj,Itna,Mriga
Dhaka,Kishoreganj,Itna,Dhonpur
Dhaka,Kishoreganj,Itna,Raytoti
Dhaka,Kishoreganj,Katiadi,Banagram
Dhaka,Kishoreganj,Katiadi,Shahasram Dhuldia
Dhaka,Kishoreganj,Katiadi,Kargaon
Dhaka,Kishoreganj,Katiadi,Chandpur
Dhaka,Kishoreganj,Katiadi,Mumurdia
Dhaka,Kishoreganj,Katiadi,Acmita
Dhaka,Kishoreganj,Katiadi,Mosua
Dhaka,Kishoreganj,Katiadi,Lohajuree
Dhaka,Kishoreganj,Katiadi,Jalalpur
Dhaka,Kishoreganj,Bhairab,Sadekpur
Dhaka,Kishoreganj,Bhairab,Aganagar
Dhaka,Kishoreganj,Bhairab,Shimulkandi
Dhaka,Kishoreganj,Bhairab,Gajaria
Dhaka,Kishoreganj,Bhairab,Kalika Prashad
Dhaka,Kishoreganj,Bhairab,Sreenagar
Dhaka,Kishoreganj,Bhairab,Shibpur
Dhaka,Kishoreganj,Tarail,Taljanga
Dhaka,Kishoreganj,Tarail,Rauti
Dhaka,Kishoreganj,Tarail,Dhola
Dhaka,Kishoreganj,Tarail,Jawar
Dhaka,Kishoreganj,Tarail,Damiha
Dhaka,Kishoreganj,Tarail,Digdair
Dhaka,Kishoreganj,Tarail,Tarail-Sachail
Dhaka,Kishoreganj,Hossainpur,Jinari
Dhaka,Kishoreganj,Hossainpur,Gobindapur
Dhaka,Kishoreganj,Hossainpur,Sidhla
Dhaka,Kishoreganj,Hossainpur,Araibaria
Dhaka,Kishoreganj,Hossainpur,Sahedal
Dhaka,Kishoreganj,Hossainpur,Pumdi
Dhaka,Kishoreganj,Pakundia,Jangalia
Dhaka,Kishoreganj,Pakundia,Hosendi
Dhaka,Kishoreganj,Pakundia,Narandi
Dhaka,Kishoreganj,Pakundia,Shukhia
Dhaka,Kishoreganj,Pakundia,Patuavabga
Dhaka,Kishoreganj,Pakundia,Chandipasha
Dhaka,Kishoreganj,Pakundia,Charfaradi
Dhaka,Kishoreganj,Pakundia,Burudia
Dhaka,Kishoreganj,Pakundia,Egarasindur
Dhaka,Kishoreganj,Pakundia,Pakundia
Dhaka,Kishoreganj,Kuliarchar,Ramdi
Dhaka,Kishoreganj,Kuliarchar,Osmanpur
Dhaka,Kishoreganj,Kuliarchar,Chhaysuti
Dhaka,Kishoreganj,Kuliarchar,Salua
Dhaka,Kishoreganj,Kuliarchar,Gobaria Abdullahpur
Dhaka,Kishoreganj,Kuliarchar,Faridpur
Dhaka,Kishoreganj,Kishoreganj Sadar,Rashidabad
Dhaka,Kishoreganj,Kishoreganj Sadar,Latibabad
Dhaka,Kishoreganj,Kishoreganj Sadar,Maizkhapan
Dhaka,Kishoreganj,Kishoreganj Sadar,Mohinanda
Dhaka,Kishoreganj,Kishoreganj Sadar,Joshodal
Dhaka,Kishoreganj,Kishoreganj Sadar,Bowlai
Dhaka,Kishoreganj,Kishoreganj Sadar,Binnati
Dhaka,Kishoreganj,Kishoreganj Sadar,Maria
Dhaka,Kishoreganj,Kishoreganj Sadar,Chowddoshata
Dhaka,Kishoreganj,Kishoreganj Sadar,Karshakarial
Dhaka,Kishoreganj,Kishoreganj Sadar,Danapatuli
Dhaka,Kishoreganj,Karimgonj,Kadirjangal
Dhaka,Kishoreganj,Karimgonj,Gujadia
Dhaka,Kishoreganj,Karimgonj,Kiraton
Dhaka,Kishoreganj,Karimgonj,Barogharia
Dhaka,Kishoreganj,Karimgonj,Niamatpur
Dhaka,Kishoreganj,Karimgonj,Dehunda
Dhaka,Kishoreganj,Karimgonj,Sutarpara
Dhaka,Kishoreganj,Karimgonj,Gunodhar
Dhaka,Kishoreganj,Karimgonj,Joyka
Dhaka,Kishoreganj,Karimgonj,Zafrabad
Dhaka,Kishoreganj,Karimgonj,Noabad
Dhaka,Kishoreganj,Bajitpur,Kailag
Dhaka,Kishoreganj,Bajitpur,Pirijpur
Dhaka,Kishoreganj,Bajitpur,Gazirchar
Dhaka,Kishoreganj,Bajitpur,Hilochia
Dhaka,Kishoreganj,Bajitpur,Maijchar9
Dhaka,Kishoreganj,Bajitpur,Homypur
Dhaka,Kishoreganj,Bajitpur,Halimpur
Dhaka,Kishoreganj,Bajitpur,Sararchar
Dhaka,Kishoreganj,Bajitpur,Dilalpur
Dhaka,Kishoreganj,Bajitpur,Dighirpar
Dhaka,Kishoreganj,Bajitpur,Boliardi
Dhaka,Kishoreganj,Austagram,Dewghar
Dhaka,Kishoreganj,Austagram,Kastul
Dhaka,Kishoreganj,Austagram,Austagram Sadar
Dhaka,Kishoreganj,Austagram,Bangalpara
Dhaka,Kishoreganj,Austagram,Kalma
Dhaka,Kishoreganj,Austagram,Adampur
Dhaka,Kishoreganj,Austagram,Khyerpur-Abdullahpur
Dhaka,Kishoreganj,Austagram,Purba Austagram
Dhaka,Kishoreganj,Mithamoin,Gopdighi
Dhaka,Kishoreganj,Mithamoin,Mithamoin
Dhaka,Kishoreganj,Mithamoin,Dhaki
Dhaka,Kishoreganj,Mithamoin,Ghagra
Dhaka,Kishoreganj,Mithamoin,Keoarjore
Dhaka,Kishoreganj,Mithamoin,Katkhal
Dhaka,Kishoreganj,Mithamoin,Bairati
Dhaka,Kishoreganj,Nikli,Chatirchar
Dhaka,Kishoreganj,Nikli,Guroi
Dhaka,Kishoreganj,Nikli,Jaraitala
Dhaka,Kishoreganj,Nikli,Nikli Sadar
Dhaka,Kishoreganj,Nikli,Karpasa
Dhaka,Kishoreganj,Nikli,Dampara
Dhaka,Kishoreganj,Nikli,Singpur
Dhaka,Manikganj,Harirampur,Balla
Dhaka,Manikganj,Harirampur,Gala
Dhaka,Manikganj,Harirampur,Chala
Dhaka,Manikganj,Harirampur,Blara
Dhaka,Manikganj,Harirampur,Harukandi
Dhaka,Manikganj,Harirampur,Baira
Dhaka,Manikganj,Harirampur,Ramkrishnapur
Dhaka,Manikganj,Harirampur,Gopinathpur
Dhaka,Manikganj,Harirampur,Kanchanpur
Dhaka,Manikganj,Harirampur,Lacharagonj
Dhaka,Manikganj,Harirampur,Sutalorie
Dhaka,Manikganj,Harirampur,Dhulsura
Dhaka,Manikganj,Harirampur,Azimnagar
Dhaka,Manikganj,Saturia,Baried
Dhaka,Manikganj,Saturia,Dighulia
Dhaka,Manikganj,Saturia,Baliyati
Dhaka,Manikganj,Saturia,Dargram
Dhaka,Manikganj,Saturia,Tilli
Dhaka,Manikganj,Saturia,Hargaj
Dhaka,Manikganj,Saturia,Saturia
Dhaka,Manikganj,Saturia,Dhankora
Dhaka,Manikganj,Saturia,Fukurhati
Dhaka,Manikganj,Manikganj Sadar,Betila-Mitara
Dhaka,Manikganj,Manikganj Sadar,Jagir
Dhaka,Manikganj,Manikganj Sadar,Atigram
Dhaka,Manikganj,Manikganj Sadar,Dighi
Dhaka,Manikganj,Manikganj Sadar,Putile
Dhaka,Manikganj,Manikganj Sadar,Hatipara
Dhaka,Manikganj,Manikganj Sadar,Vararia
Dhaka,Manikganj,Manikganj Sadar,Nbogram
Dhaka,Manikganj,Manikganj Sadar,Garpara
Dhaka,Manikganj,Manikganj Sadar,Krishnapur
Dhaka,Manikganj,Gior,Paila
Dhaka,Manikganj,Gior,Shingzuri
Dhaka,Manikganj,Gior,Baliyakhora
Dhaka,Manikganj,Gior,Gior
Dhaka,Manikganj,Gior,Bartia
Dhaka,Manikganj,Gior,Baniazuri
Dhaka,Manikganj,Gior,Nalee
Dhaka,Manikganj,Shibaloy,Teota
Dhaka,Manikganj,Shibaloy,Utholi
Dhaka,Manikganj,Shibaloy,Shibaloy
Dhaka,Manikganj,Shibaloy,Ulayel
Dhaka,Manikganj,Shibaloy,Aruoa
Dhaka,Manikganj,Shibaloy,Mohadebpur
Dhaka,Manikganj,Shibaloy,Shimulia
Dhaka,Manikganj,Doulatpur,Charkataree
Dhaka,Manikganj,Doulatpur,Bachamara
Dhaka,Manikganj,Doulatpur,Baghutia
Dhaka,Manikganj,Doulatpur,Zionpur
Dhaka,Manikganj,Doulatpur,Khalshi
Dhaka,Manikganj,Doulatpur,Chakmirpur
Dhaka,Manikganj,Doulatpur,Klia
Dhaka,Manikganj,Doulatpur,Dhamswar
Dhaka,Manikganj,Singiar,Buyra
Dhaka,Manikganj,Singiar,Talebpur
Dhaka,Manikganj,Singiar,Singiar
Dhaka,Manikganj,Singiar,Baldhara
Dhaka,Manikganj,Singiar,Zamsha
Dhaka,Manikganj,Singiar,Charigram
Dhaka,Manikganj,Singiar,Shayesta
Dhaka,Manikganj,Singiar,Joymonto
Dhaka,Manikganj,Singiar,Dhalla
Dhaka,Manikganj,Singiar,Jamirta
Dhaka,Manikganj,Singiar,Chandhar
Dhaka,Dhaka,Savar,Savar
Dhaka,Dhaka,Savar,Birulia
Dhaka,Dhaka,Savar,Dhamsona
Dhaka,Dhaka,Savar,Shimulia
Dhaka,Dhaka,Savar,Ashulia
Dhaka,Dhaka,Savar,Yearpur
Dhaka,Dhaka,Savar,Vakurta
Dhaka,Dhaka,Savar,Pathalia
Dhaka,Dhaka,Savar,Bongaon
Dhaka,Dhaka,Savar,Kaundia
Dhaka,Dhaka,Savar,Tetuljhora
Dhaka,Dhaka,Savar,Aminbazar
Dhaka,Dhaka,Dhamrai,Chauhat
Dhaka,Dhaka,Dhamrai,Amta
Dhaka,Dhaka,Dhamrai,Balia
Dhaka,Dhaka,Dhamrai,Jadabpur
Dhaka,Dhaka,Dhamrai,Baisakanda
Dhaka,Dhaka,Dhamrai,Kushura
Dhaka,Dhaka,Dhamrai,Gangutia
Dhaka,Dhaka,Dhamrai,Sanora
Dhaka,Dhaka,Dhamrai,Sutipara
Dhaka,Dhaka,Dhamrai,Sombhag
Dhaka,Dhaka,Dhamrai,Vararia
Dhaka,Dhaka,Dhamrai,Dhamrai
Dhaka,Dhaka,Dhamrai,Kulla
Dhaka,Dhaka,Dhamrai,Rowail
Dhaka,Dhaka,Dhamrai,Suapur
Dhaka,Dhaka,Dhamrai,Nannar
Dhaka,Dhaka,Keraniganj,Hazratpur
Dhaka,Dhaka,Keraniganj,Kalatia
Dhaka,Dhaka,Keraniganj,Taranagar
Dhaka,Dhaka,Keraniganj,Sakta
Dhaka,Dhaka,Keraniganj,Ruhitpur
Dhaka,Dhaka,Keraniganj,Basta
Dhaka,Dhaka,Keraniganj,Kalindi
Dhaka,Dhaka,Keraniganj,Zinzira
Dhaka,Dhaka,Keraniganj,Suvadda
Dhaka,Dhaka,Keraniganj,Taghoria
Dhaka,Dhaka,Keraniganj,Konda
Dhaka,Dhaka,Keraniganj,Aganagar
Dhaka,Dhaka,Nawabganj,Shikaripara
Dhaka,Dhaka,Nawabganj,Joykrishnapur
Dhaka,Dhaka,Nawabganj,Baruakhali
Dhaka,Dhaka,Nawabganj,Nayansree
Dhaka,Dhaka,Nawabganj,Sholla
Dhaka,Dhaka,Nawabganj,Jantrail
Dhaka,Dhaka,Nawabganj,Bandura
Dhaka,Dhaka,Nawabganj,Kalakopa
Dhaka,Dhaka,Nawabganj,Bakshanagar
Dhaka,Dhaka,Nawabganj,Barrah
Dhaka,Dhaka,Nawabganj,Kailail
Dhaka,Dhaka,Nawabganj,Agla
Dhaka,Dhaka,Nawabganj,Galimpur
Dhaka,Dhaka,Nawabganj,Churain
Dhaka,Dhaka,Dohar,Nayabari
Dhaka,Dhaka,Dohar,Kusumhathi
Dhaka,Dhaka,Dohar,Raipara
Dhaka,Dhaka,Dohar,Sutarpara
Dhaka,Dhaka,Dohar,Narisha
Dhaka,Dhaka,Dohar,Muksudpur
Dhaka,Dhaka,Dohar,Mahmudpur
Dhaka,Dhaka,Dohar,Bilaspur
Dhaka,Munshiganj,Munshiganj Sadar,Rampal
Dhaka,Munshiganj,Munshiganj Sadar,Panchashar
Dhaka,Munshiganj,Munshiganj Sadar,Bajrajogini
Dhaka,Munshiganj,Munshiganj Sadar,Mohakali
Dhaka,Munshiganj,Munshiganj Sadar,Charkewar
Dhaka,Munshiganj,Munshiganj Sadar,Mollakandi
Dhaka,Munshiganj,Munshiganj Sadar,Adhara
Dhaka,Munshiganj,Munshiganj Sadar,Shiloy
Dhaka,Munshiganj,Munshiganj Sadar,Banglabazar
Dhaka,Munshiganj,Sreenagar,Baraikhali
Dhaka,Munshiganj,Sreenagar,Hashara
Dhaka,Munshiganj,Sreenagar,Birtara
Dhaka,Munshiganj,Sreenagar,Shologhor
Dhaka,Munshiganj,Sreenagar,Sreenagar
Dhaka,Munshiganj,Sreenagar,Patabhog
Dhaka,Munshiganj,Sreenagar,Shamshiddi
Dhaka,Munshiganj,Sreenagar,Kolapara
Dhaka,Munshiganj,Sreenagar,Vaggakol
Dhaka,Munshiganj,Sreenagar,Bagra
Dhaka,Munshiganj,Sreenagar,Rarikhal
Dhaka,Munshiganj,Sreenagar,Kukutia
Dhaka,Munshiganj,Sreenagar,Atpara
Dhaka,Munshiganj,Sreenagar,Tantor
Dhaka,Munshiganj,Sirajdikhan,Chitracoat
Dhaka,Munshiganj,Sirajdikhan,Sekhornagar
Dhaka,Munshiganj,Sirajdikhan,Rajanagar
Dhaka,Munshiganj,Sirajdikhan,Keyain
Dhaka,Munshiganj,Sirajdikhan,Basail
Dhaka,Munshiganj,Sirajdikhan,Baluchar
Dhaka,Munshiganj,Sirajdikhan,Latabdi
Dhaka,Munshiganj,Sirajdikhan,Rasunia
Dhaka,Munshiganj,Sirajdikhan,Ichhapura
Dhaka,Munshiganj,Sirajdikhan,Bairagadi
Dhaka,Munshiganj,Sirajdikhan,Malkhanagar
Dhaka,Munshiganj,Sirajdikhan,Madhypara
Dhaka,Munshiganj,Sirajdikhan,Kola
Dhaka,Munshiganj,Sirajdikhan,Joyinshar
Dhaka,Munshiganj,Louhajanj,Medinimandal
Dhaka,Munshiganj,Louhajanj,Kumarbhog
Dhaka,Munshiganj,Louhajanj,Haldia
Dhaka,Munshiganj,Louhajanj,Kanaksar
Dhaka,Munshiganj,Louhajanj,Lohajang-Teotia
Dhaka,Munshiganj,Louhajanj,Bejgaon
Dhaka,Munshiganj,Louhajanj,Baultoli
Dhaka,Munshiganj,Louhajanj,Khidirpara
Dhaka,Munshiganj,Louhajanj,Gaodia
Dhaka,Munshiganj,Louhajanj,Kalma
Dhaka,Munshiganj,Gajaria,Gajaria
Dhaka,Munshiganj,Gajaria,Baushia
Dhaka,Munshiganj,Gajaria,Vaberchar
Dhaka,Munshiganj,Gajaria,Baluakandi
Dhaka,Munshiganj,Gajaria,Tengarchar
Dhaka,Munshiganj,Gajaria,Hosendee
Dhaka,Munshiganj,Gajaria,Guagachia
Dhaka,Munshiganj,Gajaria,Imampur
Dhaka,Munshiganj,Tongibari,Betka
Dhaka,Munshiganj,Tongibari,Abdullapur
Dhaka,Munshiganj,Tongibari,Sonarong Tongibari
Dhaka,Munshiganj,Tongibari,Autshahi
Dhaka,Munshiganj,Tongibari,Arial Baligaon
Dhaka,Munshiganj,Tongibari,Dhipur
Dhaka,Munshiganj,Tongibari,Kathadia Shimolia
Dhaka,Munshiganj,Tongibari,Joslong
Dhaka,Munshiganj,Tongibari,Panchgaon
Dhaka,Munshiganj,Tongibari,Kamarkhara
Dhaka,Munshiganj,Tongibari,Hasailbanari
Dhaka,Munshiganj,Tongibari,Dighirpar
Dhaka,Rajbari,Rajbari Sadar,Mijanpur
Dhaka,Rajbari,Rajbari Sadar,Borat
Dhaka,Rajbari,Rajbari Sadar,Chandoni
Dhaka,Rajbari,Rajbari Sadar,Khangonj
Dhaka,Rajbari,Rajbari Sadar,Banibaha
Dhaka,Rajbari,Rajbari Sadar,Dadshee
Dhaka,Rajbari,Rajbari Sadar,Mulghar
Dhaka,Rajbari,Rajbari Sadar,Basantapur
Dhaka,Rajbari,Rajbari Sadar,Khankhanapur
Dhaka,Rajbari,Rajbari Sadar,Alipur
Dhaka,Rajbari,Rajbari Sadar,Ramkantapur
Dhaka,Rajbari,Rajbari Sadar,Shahidwahabpur
Dhaka,Rajbari,Rajbari Sadar,Panchuria
Dhaka,Rajbari,Rajbari Sadar,Sultanpur
Dhaka,Rajbari,Goalanda,Doulatdia
Dhaka,Rajbari,Goalanda,Debugram
Dhaka,Rajbari,Goalanda,Uzancar
Dhaka,Rajbari,Goalanda,Chotovakla
Dhaka,Rajbari,Pangsa,Bahadurpur
Dhaka,Rajbari,Pangsa,Habashpur
Dhaka,Rajbari,Pangsa,Jashai
Dhaka,Rajbari,Pangsa,Babupara
Dhaka,Rajbari,Pangsa,Mourat
Dhaka,Rajbari,Pangsa,Patta
Dhaka,Rajbari,Pangsa,Sarisha
Dhaka,Rajbari,Pangsa,Kalimahar
Dhaka,Rajbari,Pangsa,Kasbamajhail
Dhaka,Rajbari,Pangsa,Machhpara
Dhaka,Rajbari,Baliakandi,Islampur
Dhaka,Rajbari,Baliakandi,Baharpur
Dhaka,Rajbari,Baliakandi,Nawabpur
Dhaka,Rajbari,Baliakandi,Narua
Dhaka,Rajbari,Baliakandi,Baliakandi
Dhaka,Rajbari,Baliakandi,Janjal
Dhaka,Rajbari,Baliakandi,Jamalpur
Dhaka,Rajbari,Kalukhali,Kalukhali
Dhaka,Rajbari,Kalukhali,Ratandia
Dhaka,Rajbari,Kalukhali,Kalikapur
Dhaka,Rajbari,Kalukhali,Boalia
Dhaka,Rajbari,Kalukhali,Majbari
Dhaka,Rajbari,Kalukhali,Madapur
Dhaka,Rajbari,Kalukhali,Shawrail
Dhaka,Rajbari,Kalukhali,Mrigi
Dhaka,Madaripur,Madaripur Sadar,Sirkhara
Dhaka,Madaripur,Madaripur Sadar,Bahadurpur
Dhaka,Madaripur,Madaripur Sadar,Kunia
Dhaka,Madaripur,Madaripur Sadar,Peyarpur
Dhaka,Madaripur,Madaripur Sadar,Kandua
Dhaka,Madaripur,Madaripur Sadar,Mastofapur
Dhaka,Madaripur,Madaripur Sadar,Dudkhali
Dhaka,Madaripur,Madaripur Sadar,Kalikapur
Dhaka,Madaripur,Madaripur Sadar,Chilarchar
Dhaka,Madaripur,Madaripur Sadar,Panchkhola
Dhaka,Madaripur,Madaripur Sadar,Ghatmajhi
Dhaka,Madaripur,Madaripur Sadar,Jhaoudi
Dhaka,Madaripur,Madaripur Sadar,Khoajpur
Dhaka,Madaripur,Madaripur Sadar,Rasti
Dhaka,Madaripur,Madaripur Sadar,Dhurail
Dhaka,Madaripur,Shibchar,Shibchar
Dhaka,Madaripur,Shibchar,Ditiyakhando
Dhaka,Madaripur,Shibchar,Nilokhe
Dhaka,Madaripur,Shibchar,Bandarkhola
Dhaka,Madaripur,Shibchar,Charjanazat
Dhaka,Madaripur,Shibchar,Madbarerchar
Dhaka,Madaripur,Shibchar,Panchar
Dhaka,Madaripur,Shibchar,Sannasirchar
Dhaka,Madaripur,Shibchar,Kathalbari
Dhaka,Madaripur,Shibchar,Kutubpur
Dhaka,Madaripur,Shibchar,Kadirpur
Dhaka,Madaripur,Shibchar,Vhandarikandi
Dhaka,Madaripur,Shibchar,Bahertala South
Dhaka,Madaripur,Shibchar,Baheratala North
Dhaka,Madaripur,Shibchar,Baskandi
Dhaka,Madaripur,Shibchar,Umedpur
Dhaka,Madaripur,Shibchar,Vhadrasion
Dhaka,Madaripur,Shibchar,Shiruail
Dhaka,Madaripur,Shibchar,Dattapara
Dhaka,Madaripur,Kalkini,Alinagar
Dhaka,Madaripur,Kalkini,Baligram
Dhaka,Madaripur,Kalkini,Basgari
Dhaka,Madaripur,Kalkini,Chardoulatkhan
Dhaka,Madaripur,Kalkini,Dashar
Dhaka,Madaripur,Kalkini,Enayetnagor
Dhaka,Madaripur,Kalkini,Gopalpur
Dhaka,Madaripur,Kalkini,Koyaria
Dhaka,Madaripur,Kalkini,Kazibakai
Dhaka,Madaripur,Kalkini,Laxmipur
Dhaka,Madaripur,Kalkini,Nabogram
Dhaka,Madaripur,Kalkini,Ramjanpur
Dhaka,Madaripur,Kalkini,Shahebrampur
Dhaka,Madaripur,Kalkini,Shikarmongol
Dhaka,Madaripur,Rajoir,Haridasdi-Mahendrodi
Dhaka,Madaripur,Rajoir,Kadambari
Dhaka,Madaripur,Rajoir,Bajitpur
Dhaka,Madaripur,Rajoir,Amgram
Dhaka,Madaripur,Rajoir,Rajoir
Dhaka,Madaripur,Rajoir,Khaliya
Dhaka,Madaripur,Rajoir,Ishibpur
Dhaka,Madaripur,Rajoir,Badarpasa
Dhaka,Madaripur,Rajoir,Kabirajpur
Dhaka,Madaripur,Rajoir,Hosenpur
Dhaka,Madaripur,Rajoir,Paikpara
Dhaka,Gopalganj,Gopalganj Sadar,Jalalabad
Dhaka,Gopalganj,Gopalganj Sadar,Shuktail
Dhaka,Gopalganj,Gopalganj Sadar,Chandradighalia
Dhaka,Gopalganj,Gopalganj Sadar,Gopinathpur
Dhaka,Gopalganj,Gopalganj Sadar,Paikkandi
Dhaka,Gopalganj,Gopalganj Sadar,Urfi
Dhaka,Gopalganj,Gopalganj Sadar,Lotifpur
Dhaka,Gopalganj,Gopalganj Sadar,Satpar
Dhaka,Gopalganj,Gopalganj Sadar,Sahapur
Dhaka,Gopalganj,Gopalganj Sadar,Horidaspur
Dhaka,Gopalganj,Gopalganj Sadar,Ulpur
Dhaka,Gopalganj,Gopalganj Sadar,Nizra
Dhaka,Gopalganj,Gopalganj Sadar,Karpara
Dhaka,Gopalganj,Gopalganj Sadar,Durgapur
Dhaka,Gopalganj,Gopalganj Sadar,Kajulia
Dhaka,Gopalganj,Gopalganj Sadar,Majhigati
Dhaka,Gopalganj,Gopalganj Sadar,Roghunathpur
Dhaka,Gopalganj,Gopalganj Sadar,Gobra
Dhaka,Gopalganj,Gopalganj Sadar,Borashi
Dhaka,Gopalganj,Gopalganj Sadar,Kati
Dhaka,Gopalganj,Gopalganj Sadar,Boultali
Dhaka,Gopalganj,Kashiani,Kashiani
Dhaka,Gopalganj,Kashiani,Hatiara
Dhaka,Gopalganj,Kashiani,Fukura
Dhaka,Gopalganj,Kashiani,Rajpat
Dhaka,Gopalganj,Kashiani,Bethuri
Dhaka,Gopalganj,Kashiani,Nijamkandi
Dhaka,Gopalganj,Kashiani,Sajail
Dhaka,Gopalganj,Kashiani,Mamudpur
Dhaka,Gopalganj,Kashiani,Maheshpur
Dhaka,Gopalganj,Kashiani,Orakandia
Dhaka,Gopalganj,Kashiani,Parulia
Dhaka,Gopalganj,Kashiani,Ratail
Dhaka,Gopalganj,Kashiani,Puisur
Dhaka,Gopalganj,Kashiani,Singa
Dhaka,Gopalganj,Tungipara,Kushli
Dhaka,Gopalganj,Tungipara,Gopalpur
Dhaka,Gopalganj,Tungipara,Patgati
Dhaka,Gopalganj,Tungipara,Borni
Dhaka,Gopalganj,Tungipara,Dumaria
Dhaka,Gopalganj,Kotalipara,Sadullapur
Dhaka,Gopalganj,Kotalipara,Ramshil
Dhaka,Gopalganj,Kotalipara,Bandhabari
Dhaka,Gopalganj,Kotalipara,Kolabari
Dhaka,Gopalganj,Kotalipara,Kushla
Dhaka,Gopalganj,Kotalipara,Amtoli
Dhaka,Gopalganj,Kotalipara,Pinjuri
Dhaka,Gopalganj,Kotalipara,Ghaghor
Dhaka,Gopalganj,Kotalipara,Radhaganj
Dhaka,Gopalganj,Kotalipara,Hiron
Dhaka,Gopalganj,Kotalipara,Kandi
Dhaka,Gopalganj,Muksudpur,Ujani
Dhaka,Gopalganj,Muksudpur,Nanikhir
Dhaka,Gopalganj,Muksudpur,Dignagar
Dhaka,Gopalganj,Muksudpur,Poshargati
Dhaka,Gopalganj,Muksudpur,Gobindopur
Dhaka,Gopalganj,Muksudpur,Khandarpara
Dhaka,Gopalganj,Muksudpur,Bohugram
Dhaka,Gopalganj,Muksudpur,Banshbaria
Dhaka,Gopalganj,Muksudpur,Vabrashur
Dhaka,Gopalganj,Muksudpur,Moharajpur
Dhaka,Gopalganj,Muksudpur,Batikamari
Dhaka,Gopalganj,Muksudpur,Jalirpar
Dhaka,Gopalganj,Muksudpur,Raghdi
Dhaka,Gopalganj,Muksudpur,Gohala
Dhaka,Gopalganj,Muksudpur,Mochna
Dhaka,Gopalganj,Muksudpur,Kashalia
Dhaka,Faridpur,Faridpur Sadar,Ishangopalpur
Dhaka,Faridpur,Faridpur Sadar,Charmadbdia
Dhaka,Faridpur,Faridpur Sadar,Aliabad
Dhaka,Faridpur,Faridpur Sadar,Uttarchannel
Dhaka,Faridpur,Faridpur Sadar,Decreerchar
Dhaka,Faridpur,Faridpur Sadar,Majchar
Dhaka,Faridpur,Faridpur Sadar,Krishnanagar
Dhaka,Faridpur,Faridpur Sadar,Ambikapur
Dhaka,Faridpur,Faridpur Sadar,Kanaipur
Dhaka,Faridpur,Faridpur Sadar,Kaijuri
Dhaka,Faridpur,Faridpur Sadar,Greda
Dhaka,Faridpur,Alfadanga,Buraich
Dhaka,Faridpur,Alfadanga,Alfadanga
Dhaka,Faridpur,Alfadanga,Tagarbanda
Dhaka,Faridpur,Alfadanga,Bana
Dhaka,Faridpur,Alfadanga,Panchuria
Dhaka,Faridpur,Alfadanga,Gopalpur
Dhaka,Faridpur,Boalmari,Boalmari
Dhaka,Faridpur,Boalmari,Dadpur
Dhaka,Faridpur,Boalmari,Chatul
Dhaka,Faridpur,Boalmari,Ghoshpur
Dhaka,Faridpur,Boalmari,Gunbaha
Dhaka,Faridpur,Boalmari,Chandpur
Dhaka,Faridpur,Boalmari,Parameshwardi
Dhaka,Faridpur,Boalmari,Satair
Dhaka,Faridpur,Boalmari,Rupapat
Dhaka,Faridpur,Boalmari,Shekhar
Dhaka,Faridpur,Boalmari,Moyna
Dhaka,Faridpur,Sadarpur,Char Bisnopur
Dhaka,Faridpur,Sadarpur,Akoter Char
Dhaka,Faridpur,Sadarpur,Char Nasirpur
Dhaka,Faridpur,Sadarpur,Narikel Bariya
Dhaka,Faridpur,Sadarpur,Bhashanchar
Dhaka,Faridpur,Sadarpur,Krishnapur
Dhaka,Faridpur,Sadarpur,Sadarpur
Dhaka,Faridpur,Sadarpur,Char Manair
Dhaka,Faridpur,Sadarpur,Dhaukhali
Dhaka,Faridpur,Nagarkanda,Charjashordi
Dhaka,Faridpur,Nagarkanda,Purapara
Dhaka,Faridpur,Nagarkanda,Laskardia
Dhaka,Faridpur,Nagarkanda,Ramnagar
Dhaka,Faridpur,Nagarkanda,Kaichail
Dhaka,Faridpur,Nagarkanda,Talma
Dhaka,Faridpur,Nagarkanda,Fulsuti
Dhaka,Faridpur,Nagarkanda,Dangi
Dhaka,Faridpur,Nagarkanda,Kodalia Shohidnagar
Dhaka,Faridpur,Bhanga,Gharua
Dhaka,Faridpur,Bhanga,Nurullagonj
Dhaka,Faridpur,Bhanga,Manikdha
Dhaka,Faridpur,Bhanga,Kawlibera
Dhaka,Faridpur,Bhanga,Nasirabad
Dhaka,Faridpur,Bhanga,Tujerpur
Dhaka,Faridpur,Bhanga,Algi
Dhaka,Faridpur,Bhanga,Chumurdi
Dhaka,Faridpur,Bhanga,Kalamridha
Dhaka,Faridpur,Bhanga,Azimnagor
Dhaka,Faridpur,Bhanga,Chandra
Dhaka,Faridpur,Bhanga,Hamirdi
Dhaka,Faridpur,Charbhadrasan,Gazirtek
Dhaka,Faridpur,Charbhadrasan,Char Bhadrasan
Dhaka,Faridpur,Charbhadrasan,Char Harirampur
Dhaka,Faridpur,Charbhadrasan,Char Jahukanda
Dhaka,Faridpur,Madhukhali,Madhukhali
Dhaka,Faridpur,Madhukhali,Jahapur
Dhaka,Faridpur,Madhukhali,Gazna
Dhaka,Faridpur,Madhukhali,Megchami
Dhaka,Faridpur,Madhukhali,Raipur
Dhaka,Faridpur,Madhukhali,Bagat
Dhaka,Faridpur,Madhukhali,Dumain
Dhaka,Faridpur,Madhukhali,Nowpara
Dhaka,Faridpur,Madhukhali,Kamarkhali
Dhaka,Faridpur,Saltha,Bhawal
Dhaka,Faridpur,Saltha,Atghar
Dhaka,Faridpur,Saltha,Mazadia
Dhaka,Faridpur,Saltha,Ballabhdi
Dhaka,Faridpur,Saltha,Gatti
Dhaka,Faridpur,Saltha,Jadunandi
Dhaka,Faridpur,Saltha,Ramkantapur
Dhaka,Faridpur,Saltha,Sonapur
Rangpur,Panchagarh,Panchagarh Sadar,Panchagarh Sadar
Rangpur,Panchagarh,Panchagarh Sadar,Satmara
Rangpur,Panchagarh,Panchagarh Sadar,Amarkhana
Rangpur,Panchagarh,Panchagarh Sadar,Haribhasa
Rangpur,Panchagarh,Panchagarh Sadar,Chaklahat
Rangpur,Panchagarh,Panchagarh Sadar,Hafizabad
Rangpur,Panchagarh,Panchagarh Sadar,Kamat Kajol Dighi
Rangpur,Panchagarh,Panchagarh Sadar,Dhakkamara
Rangpur,Panchagarh,Panchagarh Sadar,Magura
Rangpur,Panchagarh,Panchagarh Sadar,Garinabari
Rangpur,Panchagarh,Debiganj,Chilahati
Rangpur,Panchagarh,Debiganj,Shaldanga
Rangpur,Panchagarh,Debiganj,Debiganj Sadar
Rangpur,Panchagarh,Debiganj,Pamuli
Rangpur,Panchagarh,Debiganj,Sundardighi
Rangpur,Panchagarh,Debiganj,Sonahar Mollikadaha
Rangpur,Panchagarh,Debiganj,Tepriganj
Rangpur,Panchagarh,Debiganj,Dandopal
Rangpur,Panchagarh,Debiganj,Debiduba
Rangpur,Panchagarh,Debiganj,Chengthi Hazra Danga
Rangpur,Panchagarh,Boda,Jholaishal Shiri
Rangpur,Panchagarh,Boda,Moidandighi
Rangpur,Panchagarh,Boda,Banghari
Rangpur,Panchagarh,Boda,Kajoldighi Kaligonj
Rangpur,Panchagarh,Boda,Boroshoshi
Rangpur,Panchagarh,Boda,Chandanbari
Rangpur,Panchagarh,Boda,Marea Bamonhat
Rangpur,Panchagarh,Boda,Boda
Rangpur,Panchagarh,Boda,Sakoa
Rangpur,Panchagarh,Boda,Pachpir
Rangpur,Panchagarh,Atwari,Mirgapur
Rangpur,Panchagarh,Atwari,Radhanagar
Rangpur,Panchagarh,Atwari,Toria
Rangpur,Panchagarh,Atwari,Balarampur
Rangpur,Panchagarh,Atwari,Alowakhowa
Rangpur,Panchagarh,Atwari,Dhamor
Rangpur,Panchagarh,Tetulia,Banglabandha
Rangpur,Panchagarh,Tetulia,Bhojoanpur
Rangpur,Panchagarh,Tetulia,Bhojoanpur
Rangpur,Panchagarh,Tetulia,Buraburi
Rangpur,Panchagarh,Tetulia,Debnagar
Rangpur,Panchagarh,Tetulia,Salbahan
Rangpur,Panchagarh,Tetulia,Tentulia
Rangpur,Panchagarh,Tetulia,Timaihat
Rangpur,Dinajpur,Nawabganj,Joypur
Rangpur,Dinajpur,Nawabganj,Binodnagar
Rangpur,Dinajpur,Nawabganj,Golapgonj
Rangpur,Dinajpur,Nawabganj,Shalkhuria
Rangpur,Dinajpur,Nawabganj,Putimara
Rangpur,Dinajpur,Nawabganj,Bhaduria
Rangpur,Dinajpur,Nawabganj,Daudpur
Rangpur,Dinajpur,Nawabganj,Mahmudpur
Rangpur,Dinajpur,Nawabganj,Kushdaha
Rangpur,Dinajpur,Birganj,Shibrampur
Rangpur,Dinajpur,Birganj,Polashbari
Rangpur,Dinajpur,Birganj,Shatagram
Rangpur,Dinajpur,Birganj,Paltapur
Rangpur,Dinajpur,Birganj,Sujalpur
Rangpur,Dinajpur,Birganj,Nijpara
Rangpur,Dinajpur,Birganj,Mohammadpur
Rangpur,Dinajpur,Birganj,Bhognagar
Rangpur,Dinajpur,Birganj,Sator
Rangpur,Dinajpur,Birganj,Mohonpur
Rangpur,Dinajpur,Birganj,Moricha
Rangpur,Dinajpur,Ghoraghat,Bulakipur
Rangpur,Dinajpur,Ghoraghat,Palsha
Rangpur,Dinajpur,Ghoraghat,Singra
Rangpur,Dinajpur,Ghoraghat,Ghoraghat
Rangpur,Dinajpur,Birampur,Mukundopur
Rangpur,Dinajpur,Birampur,Katla
Rangpur,Dinajpur,Birampur,Khanpur
Rangpur,Dinajpur,Birampur,Dior
Rangpur,Dinajpur,Birampur,Binail
Rangpur,Dinajpur,Birampur,Jatbani
Rangpur,Dinajpur,Birampur,Poliproyagpur
Rangpur,Dinajpur,Parbatipur,Belaichandi
Rangpur,Dinajpur,Parbatipur,Monmothopur
Rangpur,Dinajpur,Parbatipur,Rampur
Rangpur,Dinajpur,Parbatipur,Polashbari
Rangpur,Dinajpur,Parbatipur,Chandipur
Rangpur,Dinajpur,Parbatipur,Mominpur
Rangpur,Dinajpur,Parbatipur,Mostofapur
Rangpur,Dinajpur,Parbatipur,Habra
Rangpur,Dinajpur,Parbatipur,Hamidpur
Rangpur,Dinajpur,Parbatipur,Harirampur
Rangpur,Dinajpur,Bochaganj,Nafanagar
Rangpur,Dinajpur,Bochaganj,Eshania
Rangpur,Dinajpur,Bochaganj,Atgaon
Rangpur,Dinajpur,Bochaganj,Shatail
Rangpur,Dinajpur,Bochaganj,Rongaon
Rangpur,Dinajpur,Bochaganj,Murshidhat
Rangpur,Dinajpur,Kaharol,Dabor
Rangpur,Dinajpur,Kaharol,Rasulpur
Rangpur,Dinajpur,Kaharol,Mukundapur
Rangpur,Dinajpur,Kaharol,Targao
Rangpur,Dinajpur,Kaharol,Ramchandrapur
Rangpur,Dinajpur,Kaharol,Sundarpur
Rangpur,Dinajpur,Fulbari,Aloary
Rangpur,Dinajpur,Fulbari,Aladipur
Rangpur,Dinajpur,Fulbari,Kagihal
Rangpur,Dinajpur,Fulbari,Bethdighi
Rangpur,Dinajpur,Fulbari,Khairbari
Rangpur,Dinajpur,Fulbari,Daulatpur
Rangpur,Dinajpur,Fulbari,Shibnagor
Rangpur,Dinajpur,Dinajpur Sadar,Chealgazi
Rangpur,Dinajpur,Dinajpur Sadar,Sundorbon
Rangpur,Dinajpur,Dinajpur Sadar,Fazilpur
Rangpur,Dinajpur,Dinajpur Sadar,Shekpura
Rangpur,Dinajpur,Dinajpur Sadar,Shashora
Rangpur,Dinajpur,Dinajpur Sadar,Auliapur
Rangpur,Dinajpur,Dinajpur Sadar,Uthrail
Rangpur,Dinajpur,Dinajpur Sadar,Sankarpur
Rangpur,Dinajpur,Dinajpur Sadar,Askorpur
Rangpur,Dinajpur,Dinajpur Sadar,Kamalpur
Rangpur,Dinajpur,Hakimpur,Alihat
Rangpur,Dinajpur,Hakimpur,Khattamadobpara
Rangpur,Dinajpur,Hakimpur,Boalder
Rangpur,Dinajpur,Khansama,Alokjhari
Rangpur,Dinajpur,Khansama,Bherbheri
Rangpur,Dinajpur,Khansama,Angarpara
Rangpur,Dinajpur,Khansama,Goaldihi
Rangpur,Dinajpur,Khansama,Bhabki
Rangpur,Dinajpur,Khansama,Khamarpara
Rangpur,Dinajpur,Birol,Azimpur
Rangpur,Dinajpur,Birol,Farakkabad
Rangpur,Dinajpur,Birol,Dhamoir
Rangpur,Dinajpur,Birol,Shohorgram
Rangpur,Dinajpur,Birol,Birol
Rangpur,Dinajpur,Birol,Bhandra
Rangpur,Dinajpur,Birol,Bijora
Rangpur,Dinajpur,Birol,Dharmapur
Rangpur,Dinajpur,Birol,Mongalpur
Rangpur,Dinajpur,Birol,Ranipukur
Rangpur,Dinajpur,Birol,Rajarampur
Rangpur,Dinajpur,Chirirbandar,Nashratpur
Rangpur,Dinajpur,Chirirbandar,Satnala
Rangpur,Dinajpur,Chirirbandar,Fatejangpur
Rangpur,Dinajpur,Chirirbandar,Isobpur
Rangpur,Dinajpur,Chirirbandar,Abdulpur
Rangpur,Dinajpur,Chirirbandar,Amarpur
Rangpur,Dinajpur,Chirirbandar,Auliapukur
Rangpur,Dinajpur,Chirirbandar,Saitara
Rangpur,Dinajpur,Chirirbandar,Viail
Rangpur,Dinajpur,Chirirbandar,Punotti
Rangpur,Dinajpur,Chirirbandar,Tetulia
Rangpur,Dinajpur,Chirirbandar,Alokdihi
Rangpur,Lalmonirhat,Lalmonirhat Sadar,Rajpur
Rangpur,Lalmonirhat,Lalmonirhat Sadar,Harati
Rangpur,Lalmonirhat,Lalmonirhat Sadar,Mogolhat
Rangpur,Lalmonirhat,Lalmonirhat Sadar,Gokunda
Rangpur,Lalmonirhat,Lalmonirhat Sadar,Barobari
Rangpur,Lalmonirhat,Lalmonirhat Sadar,Kulaghat
Rangpur,Lalmonirhat,Lalmonirhat Sadar,Mohendranagar
Rangpur,Lalmonirhat,Lalmonirhat Sadar,Khuniagachh
Rangpur,Lalmonirhat,Lalmonirhat Sadar,Panchagram
Rangpur,Lalmonirhat,Kaliganj,Bhotmari
Rangpur,Lalmonirhat,Kaliganj,Modati
Rangpur,Lalmonirhat,Kaliganj,Dologram
Rangpur,Lalmonirhat,Kaliganj,Tushbhandar
Rangpur,Lalmonirhat,Kaliganj,Goral
Rangpur,Lalmonirhat,Kaliganj,Chondropur
Rangpur,Lalmonirhat,Kaliganj,Cholbola
Rangpur,Lalmonirhat,Kaliganj,Kakina
Rangpur,Lalmonirhat,Hatibandha,Barokhata
Rangpur,Lalmonirhat,Hatibandha,Goddimari
Rangpur,Lalmonirhat,Hatibandha,Singimari
Rangpur,Lalmonirhat,Hatibandha,Tongvhanga
Rangpur,Lalmonirhat,Hatibandha,Sindurna
Rangpur,Lalmonirhat,Hatibandha,Paticapara
Rangpur,Lalmonirhat,Hatibandha,Nowdabas
Rangpur,Lalmonirhat,Hatibandha,Gotamari
Rangpur,Lalmonirhat,Hatibandha,Vhelaguri
Rangpur,Lalmonirhat,Hatibandha,Shaniajan
Rangpur,Lalmonirhat,Hatibandha,Fakirpara
Rangpur,Lalmonirhat,Hatibandha,Dawabari
Rangpur,Lalmonirhat,Patgram,Sreerampur
Rangpur,Lalmonirhat,Patgram,Patgram
Rangpur,Lalmonirhat,Patgram,Jagatber
Rangpur,Lalmonirhat,Patgram,Kuchlibari
Rangpur,Lalmonirhat,Patgram,Jongra
Rangpur,Lalmonirhat,Patgram,Baura
Rangpur,Lalmonirhat,Patgram,Dahagram
Rangpur,Lalmonirhat,Patgram,Burimari
Rangpur,Lalmonirhat,Aditmari,Bhelabari
Rangpur,Lalmonirhat,Aditmari,Bhadai
Rangpur,Lalmonirhat,Aditmari,Kamlabari
Rangpur,Lalmonirhat,Aditmari,Durgapur
Rangpur,Lalmonirhat,Aditmari,Sarpukur
Rangpur,Lalmonirhat,Aditmari,Saptibari
Rangpur,Lalmonirhat,Aditmari,Palashi
Rangpur,Lalmonirhat,Aditmari,Mohishkhocha
Rangpur,Nilphamari,Syedpur,Kamarpukur
Rangpur,Nilphamari,Syedpur,Kasiram Belpukur
Rangpur,Nilphamari,Syedpur,Bangalipur
Rangpur,Nilphamari,Syedpur,Botlagari
Rangpur,Nilphamari,Syedpur,Khata Madhupur
Rangpur,Nilphamari,Domar,Gomnati
Rangpur,Nilphamari,Domar,Bhogdaburi
Rangpur,Nilphamari,Domar,Ketkibari
Rangpur,Nilphamari,Domar,Jorabari
Rangpur,Nilphamari,Domar,Bamunia
Rangpur,Nilphamari,Domar,Panga Motukpur
Rangpur,Nilphamari,Domar,Boragari
Rangpur,Nilphamari,Domar,Domar
Rangpur,Nilphamari,Domar,Sonaray
Rangpur,Nilphamari,Domar,Harinchara
Rangpur,Nilphamari,Dimla,Paschim Chhatnay
Rangpur,Nilphamari,Dimla,Balapara
Rangpur,Nilphamari,Dimla,Dimla Sadar
Rangpur,Nilphamari,Dimla,Khogakharibari
Rangpur,Nilphamari,Dimla,Gayabari
Rangpur,Nilphamari,Dimla,Noutara
Rangpur,Nilphamari,Dimla,Khalisha Chapani
Rangpur,Nilphamari,Dimla,Jhunagach Chapani
Rangpur,Nilphamari,Dimla,Tepa Khribari
Rangpur,Nilphamari,Dimla,Purba Chhatnay
Rangpur,Nilphamari,Jaldhaka,Douabari
Rangpur,Nilphamari,Jaldhaka,Golmunda
Rangpur,Nilphamari,Jaldhaka,Balagram
Rangpur,Nilphamari,Jaldhaka,Golna
Rangpur,Nilphamari,Jaldhaka,Dharmapal
Rangpur,Nilphamari,Jaldhaka,Simulbari
Rangpur,Nilphamari,Jaldhaka,Mirganj
Rangpur,Nilphamari,Jaldhaka,Kathali
Rangpur,Nilphamari,Jaldhaka,Khutamara
Rangpur,Nilphamari,Jaldhaka,Shaulmari
Rangpur,Nilphamari,Jaldhaka,Kaimari
Rangpur,Nilphamari,Kishorganj,Barabhita
Rangpur,Nilphamari,Kishorganj,Putimari
Rangpur,Nilphamari,Kishorganj,Nitai
Rangpur,Nilphamari,Kishorganj,Bahagili
Rangpur,Nilphamari,Kishorganj,Chandkhana
Rangpur,Nilphamari,Kishorganj,Kishoreganj
Rangpur,Nilphamari,Kishorganj,Ranachandi
Rangpur,Nilphamari,Kishorganj,Garagram
Rangpur,Nilphamari,Kishorganj,Magura
Rangpur,Nilphamari,Nilphamari Sadar,Chaora Bargacha
Rangpur,Nilphamari,Nilphamari Sadar,Gorgram
Rangpur,Nilphamari,Nilphamari Sadar,Khoksabari
Rangpur,Nilphamari,Nilphamari Sadar,Palasbari
Rangpur,Nilphamari,Nilphamari Sadar,Ramnagar
Rangpur,Nilphamari,Nilphamari Sadar,Kachukata
Rangpur,Nilphamari,Nilphamari Sadar,Panchapukur
Rangpur,Nilphamari,Nilphamari Sadar,Itakhola
Rangpur,Nilphamari,Nilphamari Sadar,Kundapukur
Rangpur,Nilphamari,Nilphamari Sadar,Sonaray
Rangpur,Nilphamari,Nilphamari Sadar,Songalsi
Rangpur,Nilphamari,Nilphamari Sadar,Charaikhola
Rangpur,Nilphamari,Nilphamari Sadar,Chapra Sarnjami
Rangpur,Nilphamari,Nilphamari Sadar,Lakshmicha
Rangpur,Nilphamari,Nilphamari Sadar,Tupamari
Rangpur,Gaibandha,Sadullapur,Rasulpur
Rangpur,Gaibandha,Sadullapur,Noldanga
Rangpur,Gaibandha,Sadullapur,Damodorpur
Rangpur,Gaibandha,Sadullapur,Jamalpur
Rangpur,Gaibandha,Sadullapur,Faridpur
Rangpur,Gaibandha,Sadullapur,Dhaperhat
Rangpur,Gaibandha,Sadullapur,Idilpur
Rangpur,Gaibandha,Sadullapur,Vatgram
Rangpur,Gaibandha,Sadullapur,Bongram
Rangpur,Gaibandha,Sadullapur,Kamarpara
Rangpur,Gaibandha,Sadullapur,Khodkomor
Rangpur,Gaibandha,Gaibandha Sadar,Laxmipur
Rangpur,Gaibandha,Gaibandha Sadar,Malibari
Rangpur,Gaibandha,Gaibandha Sadar,Kuptola
Rangpur,Gaibandha,Gaibandha Sadar,Shahapara
Rangpur,Gaibandha,Gaibandha Sadar,Ballamjhar
Rangpur,Gaibandha,Gaibandha Sadar,Ramchandrapur
Rangpur,Gaibandha,Gaibandha Sadar,Badiakhali
Rangpur,Gaibandha,Gaibandha Sadar,Boali
Rangpur,Gaibandha,Gaibandha Sadar,Ghagoa
Rangpur,Gaibandha,Gaibandha Sadar,Gidari
Rangpur,Gaibandha,Gaibandha Sadar,Kholahati
Rangpur,Gaibandha,Gaibandha Sadar,Mollarchar
Rangpur,Gaibandha,Gaibandha Sadar,Kamarjani
Rangpur,Gaibandha,Palashbari,Kishoregari
Rangpur,Gaibandha,Palashbari,Hosenpur
Rangpur,Gaibandha,Palashbari,Palashbari
Rangpur,Gaibandha,Palashbari,Barisal
Rangpur,Gaibandha,Palashbari,Mohdipur
Rangpur,Gaibandha,Palashbari,Betkapa
Rangpur,Gaibandha,Palashbari,Pobnapur
Rangpur,Gaibandha,Palashbari,Monohorpur
Rangpur,Gaibandha,Palashbari,Harinathpur
Rangpur,Gaibandha,Saghata,Padumsahar
Rangpur,Gaibandha,Saghata,Varotkhali
Rangpur,Gaibandha,Saghata,Saghata
Rangpur,Gaibandha,Saghata,Muktinagar
Rangpur,Gaibandha,Saghata,Kachua
Rangpur,Gaibandha,Saghata,Ghuridah
Rangpur,Gaibandha,Saghata,Holdia
Rangpur,Gaibandha,Saghata,Jumarbari
Rangpur,Gaibandha,Saghata,Kamalerpara
Rangpur,Gaibandha,Saghata,Bonarpara
Rangpur,Gaibandha,Gobindaganj,Kamdia
Rangpur,Gaibandha,Gobindaganj,Katabari
Rangpur,Gaibandha,Gobindaganj,Shakhahar
Rangpur,Gaibandha,Gobindaganj,Rajahar
Rangpur,Gaibandha,Gobindaganj,Sapmara
Rangpur,Gaibandha,Gobindaganj,Dorbosto
Rangpur,Gaibandha,Gobindaganj,Talukkanupur
Rangpur,Gaibandha,Gobindaganj,Nakai
Rangpur,Gaibandha,Gobindaganj,Harirampur
Rangpur,Gaibandha,Gobindaganj,Rakhalburuj
Rangpur,Gaibandha,Gobindaganj,Phulbari
Rangpur,Gaibandha,Gobindaganj,Gumaniganj
Rangpur,Gaibandha,Gobindaganj,Kamardoho
Rangpur,Gaibandha,Gobindaganj,Kochasahar
Rangpur,Gaibandha,Gobindaganj,Shibpur
Rangpur,Gaibandha,Gobindaganj,Mahimaganj
Rangpur,Gaibandha,Gobindaganj,Shalmara
Rangpur,Gaibandha,Sundarganj,Bamondanga
Rangpur,Gaibandha,Sundarganj,Sonaroy
Rangpur,Gaibandha,Sundarganj,Tarapur
Rangpur,Gaibandha,Sundarganj,Belka
Rangpur,Gaibandha,Sundarganj,Dohbond
Rangpur,Gaibandha,Sundarganj,Sorbanondo
Rangpur,Gaibandha,Sundarganj,Ramjibon
Rangpur,Gaibandha,Sundarganj,Dhopadanga
Rangpur,Gaibandha,Sundarganj,Chaporhati
Rangpur,Gaibandha,Sundarganj,Shantiram
Rangpur,Gaibandha,Sundarganj,Konchibari
Rangpur,Gaibandha,Sundarganj,Sreepur
Rangpur,Gaibandha,Sundarganj,Chandipur
Rangpur,Gaibandha,Sundarganj,Kapasia
Rangpur,Gaibandha,Sundarganj,Haripur
Rangpur,Gaibandha,Phulchari,Kanchipara
Rangpur,Gaibandha,Phulchari,Uria
Rangpur,Gaibandha,Phulchari,Udakhali
Rangpur,Gaibandha,Phulchari,Gazaria
Rangpur,Gaibandha,Phulchari,Phulchari
Rangpur,Gaibandha,Phulchari,Erendabari
Rangpur,Gaibandha,Phulchari,Fazlupur
Rangpur,Thakurgaon,Thakurgaon Sadar,Ruhea
Rangpur,Thakurgaon,Thakurgaon Sadar,Akhanagar
Rangpur,Thakurgaon,Thakurgaon Sadar,Ahcha
Rangpur,Thakurgaon,Thakurgaon Sadar,Baragaon
Rangpur,Thakurgaon,Thakurgaon Sadar,Balia
Rangpur,Thakurgaon,Thakurgaon Sadar,Auliapur
Rangpur,Thakurgaon,Thakurgaon Sadar,Chilarang
Rangpur,Thakurgaon,Thakurgaon Sadar,Rahimanpur
Rangpur,Thakurgaon,Thakurgaon Sadar,Roypur
Rangpur,Thakurgaon,Thakurgaon Sadar,Jamalpur
Rangpur,Thakurgaon,Thakurgaon Sadar,Mohammadpur
Rangpur,Thakurgaon,Thakurgaon Sadar,Salandar
Rangpur,Thakurgaon,Thakurgaon Sadar,Gareya
Rangpur,Thakurgaon,Thakurgaon Sadar,Rajagaon
Rangpur,Thakurgaon,Thakurgaon Sadar,Debipur
Rangpur,Thakurgaon,Thakurgaon Sadar,Nargun
Rangpur,Thakurgaon,Thakurgaon Sadar,Jagannathpur
Rangpur,Thakurgaon,Thakurgaon Sadar,Sukhanpukhari
Rangpur,Thakurgaon,Thakurgaon Sadar,Begunbari
Rangpur,Thakurgaon,Thakurgaon Sadar,Ruhia Pashchim
Rangpur,Thakurgaon,Thakurgaon Sadar,Dholarhat
Rangpur,Thakurgaon,Pirganj,Bhomradaha
Rangpur,Thakurgaon,Pirganj,Kosharaniganj
Rangpur,Thakurgaon,Pirganj,Khangaon
Rangpur,Thakurgaon,Pirganj,Saidpur
Rangpur,Thakurgaon,Pirganj,Pirganj
Rangpur,Thakurgaon,Pirganj,Hajipur
Rangpur,Thakurgaon,Pirganj,Daulatpur
Rangpur,Thakurgaon,Pirganj,Sengaon
Rangpur,Thakurgaon,Pirganj,Jabarhat
Rangpur,Thakurgaon,Pirganj,Bairchuna
Rangpur,Thakurgaon,Ranisankail,Dhormogarh
Rangpur,Thakurgaon,Ranisankail,Nekmorod
Rangpur,Thakurgaon,Ranisankail,Hosengaon
Rangpur,Thakurgaon,Ranisankail,Lehemba
Rangpur,Thakurgaon,Ranisankail,Bachor
Rangpur,Thakurgaon,Ranisankail,Kashipur
Rangpur,Thakurgaon,Ranisankail,Ratore
Rangpur,Thakurgaon,Ranisankail,Nonduar
Rangpur,Thakurgaon,Haripur,Gedura
Rangpur,Thakurgaon,Haripur,Amgaon
Rangpur,Thakurgaon,Haripur,Bakua
Rangpur,Thakurgaon,Haripur,Dangipara
Rangpur,Thakurgaon,Haripur,Haripur
Rangpur,Thakurgaon,Haripur,Bhaturia
Rangpur,Thakurgaon,Baliadangi,Paria
Rangpur,Thakurgaon,Baliadangi,Charol
Rangpur,Thakurgaon,Baliadangi,Dhontola
Rangpur,Thakurgaon,Baliadangi,Boropalashbari
Rangpur,Thakurgaon,Baliadangi,Duosuo
Rangpur,Thakurgaon,Baliadangi,Vanor
Rangpur,Thakurgaon,Baliadangi,Amjankhore
Rangpur,Thakurgaon,Baliadangi,Borobari
Rangpur,Rangpur,Rangpur Sadar,Mominpur
Rangpur,Rangpur,Rangpur Sadar,Horidebpur
Rangpur,Rangpur,Rangpur Sadar,Uttam
Rangpur,Rangpur,Rangpur Sadar,Porshuram
Rangpur,Rangpur,Rangpur Sadar,Topodhan
Rangpur,Rangpur,Rangpur Sadar,Satgara
Rangpur,Rangpur,Rangpur Sadar,Rajendrapur
Rangpur,Rangpur,Rangpur Sadar,Sadwapuskoroni
Rangpur,Rangpur,Rangpur Sadar,Chandanpat
Rangpur,Rangpur,Rangpur Sadar,Dorshona
Rangpur,Rangpur,Rangpur Sadar,Tampat
Rangpur,Rangpur,Gangachara,Betgari
Rangpur,Rangpur,Gangachara,Kholeya
Rangpur,Rangpur,Gangachara,Borobil
Rangpur,Rangpur,Gangachara,Kolcondo
Rangpur,Rangpur,Gangachara,Gongachora
Rangpur,Rangpur,Gangachara,Gojoghonta
Rangpur,Rangpur,Gangachara,Morneya
Rangpur,Rangpur,Gangachara,Alambiditor
Rangpur,Rangpur,Gangachara,Lakkhitari
Rangpur,Rangpur,Gangachara,Nohali
Rangpur,Rangpur,Taragonj,Kurshatara
Rangpur,Rangpur,Taragonj,Alampur
Rangpur,Rangpur,Taragonj,Soyar
Rangpur,Rangpur,Taragonj,Ikorchali
Rangpur,Rangpur,Taragonj,Hariarkuthi
Rangpur,Rangpur,Badargonj,Radhanagar
Rangpur,Rangpur,Badargonj,Gopinathpur
Rangpur,Rangpur,Badargonj,Modhupur
Rangpur,Rangpur,Badargonj,Kutubpur
Rangpur,Rangpur,Badargonj,Bishnapur
Rangpur,Rangpur,Badargonj,Kalupara
Rangpur,Rangpur,Badargonj,Lohanipara
Rangpur,Rangpur,Badargonj,Gopalpur
Rangpur,Rangpur,Badargonj,Damodorpur
Rangpur,Rangpur,Badargonj,Ramnathpurupb
Rangpur,Rangpur,Mithapukur,Khoragach
Rangpur,Rangpur,Mithapukur,Ranipukur
Rangpur,Rangpur,Mithapukur,Payrabond
Rangpur,Rangpur,Mithapukur,Vangni
Rangpur,Rangpur,Mithapukur,Balarhat
Rangpur,Rangpur,Mithapukur,Kafrikhal
Rangpur,Rangpur,Mithapukur,Latibpur
Rangpur,Rangpur,Mithapukur,Chengmari
Rangpur,Rangpur,Mithapukur,Moyenpur
Rangpur,Rangpur,Mithapukur,Baluya Masimpur
Rangpur,Rangpur,Mithapukur,Borobala
Rangpur,Rangpur,Mithapukur,Mirzapur
Rangpur,Rangpur,Mithapukur,Imadpur
Rangpur,Rangpur,Mithapukur,Milonpur
Rangpur,Rangpur,Mithapukur,Mgopalpur
Rangpur,Rangpur,Mithapukur,Durgapur
Rangpur,Rangpur,Mithapukur,Boro Hazratpur
Rangpur,Rangpur,Pirgonj,Chattracol
Rangpur,Rangpur,Pirgonj,Vendabari
Rangpur,Rangpur,Pirgonj,Borodargah
Rangpur,Rangpur,Pirgonj,Kumedpur
Rangpur,Rangpur,Pirgonj,Modankhali
Rangpur,Rangpur,Pirgonj,Tukuria
Rangpur,Rangpur,Pirgonj,Boro Alampur
Rangpur,Rangpur,Pirgonj,Raypur
Rangpur,Rangpur,Pirgonj,Pirgonj
Rangpur,Rangpur,Pirgonj,Shanerhat
Rangpur,Rangpur,Pirgonj,Mithipur
Rangpur,Rangpur,Pirgonj,Ramnathpur
Rangpur,Rangpur,Pirgonj,Chattra
Rangpur,Rangpur,Pirgonj,Kabilpur
Rangpur,Rangpur,Pirgonj,Pachgachi
Rangpur,Rangpur,Kaunia,Sarai
Rangpur,Rangpur,Kaunia,Balapara
Rangpur,Rangpur,Kaunia,Shahidbag
Rangpur,Rangpur,Kaunia,Haragach
Rangpur,Rangpur,Kaunia,Tepamodhupur
Rangpur,Rangpur,Kaunia,Kurshaupk
Rangpur,Rangpur,Pirgacha,Kollyani
Rangpur,Rangpur,Pirgacha,Parul
Rangpur,Rangpur,Pirgacha,Itakumari
Rangpur,Rangpur,Pirgacha,Saula
Rangpur,Rangpur,Pirgacha,Kandi
Rangpur,Rangpur,Pirgacha,Pirgacha
Rangpur,Rangpur,Pirgacha,Annodanagar
Rangpur,Rangpur,Pirgacha,Tambulpur
Rangpur,Rangpur,Pirgacha,Koikuri
Rangpur,Kurigram,Kurigram Sadar,Holokhana
Rangpur,Kurigram,Kurigram Sadar,Ghogadhoh
Rangpur,Kurigram,Kurigram Sadar,Belgacha
Rangpur,Kurigram,Kurigram Sadar,Mogolbasa
Rangpur,Kurigram,Kurigram Sadar,Panchgachi
Rangpur,Kurigram,Kurigram Sadar,Jatrapur
Rangpur,Kurigram,Kurigram Sadar,Kanthalbari
Rangpur,Kurigram,Kurigram Sadar,Bhogdanga
Rangpur,Kurigram,Nageshwari,Ramkhana
Rangpur,Kurigram,Nageshwari,Raigonj
Rangpur,Kurigram,Nageshwari,Bamondanga
Rangpur,Kurigram,Nageshwari,Berubari
Rangpur,Kurigram,Nageshwari,Sontaspur
Rangpur,Kurigram,Nageshwari,Hasnabad
Rangpur,Kurigram,Nageshwari,Newyashi
Rangpur,Kurigram,Nageshwari,Bhitorbond
Rangpur,Kurigram,Nageshwari,Kaligonj
Rangpur,Kurigram,Nageshwari,Noonkhawa
Rangpur,Kurigram,Nageshwari,Narayanpur
Rangpur,Kurigram,Nageshwari,Kedar
Rangpur,Kurigram,Nageshwari,Kachakata
Rangpur,Kurigram,Nageshwari,Bollobherkhas
Rangpur,Kurigram,Bhurungamari,Pathordubi
Rangpur,Kurigram,Bhurungamari,Shilkhuri
Rangpur,Kurigram,Bhurungamari,Tilai
Rangpur,Kurigram,Bhurungamari,Paikarchara
Rangpur,Kurigram,Bhurungamari,Bhurungamari
Rangpur,Kurigram,Bhurungamari,Joymonirhat
Rangpur,Kurigram,Bhurungamari,Andharirjhar
Rangpur,Kurigram,Bhurungamari,Char-Bhurungamari
Rangpur,Kurigram,Bhurungamari,Bangasonahat
Rangpur,Kurigram,Bhurungamari,Boldia
Rangpur,Kurigram,Phulbari,Nawdanga
Rangpur,Kurigram,Phulbari,Shimulbari
Rangpur,Kurigram,Phulbari,Phulbari
Rangpur,Kurigram,Phulbari,Baravita
Rangpur,Kurigram,Phulbari,Bhangamor
Rangpur,Kurigram,Phulbari,Kashipur
Rangpur,Kurigram,Rajarhat,Chinai
Rangpur,Kurigram,Rajarhat,Rajarhat
Rangpur,Kurigram,Rajarhat,Nazimkhan
Rangpur,Kurigram,Rajarhat,Gharialdanga
Rangpur,Kurigram,Rajarhat,Chakirpashar
Rangpur,Kurigram,Rajarhat,Biddanondo
Rangpur,Kurigram,Rajarhat,Umarmajid
Rangpur,Kurigram,Ulipur,Daldalia
Rangpur,Kurigram,Ulipur,Durgapur
Rangpur,Kurigram,Ulipur,Pandul
Rangpur,Kurigram,Ulipur,Buraburi
Rangpur,Kurigram,Ulipur,Dharanibari
Rangpur,Kurigram,Ulipur,Dhamsreni
Rangpur,Kurigram,Ulipur,Gunaigas
Rangpur,Kurigram,Ulipur,Bazra
Rangpur,Kurigram,Ulipur,Tobockpur
Rangpur,Kurigram,Ulipur,Hatia
Rangpur,Kurigram,Ulipur,Begumgonj
Rangpur,Kurigram,Ulipur,Shahabiar Alga
Rangpur,Kurigram,Ulipur,Thetrai
Rangpur,Kurigram,Chilmari,Ranigonj
Rangpur,Kurigram,Chilmari,Nayarhat
Rangpur,Kurigram,Chilmari,Thanahat
Rangpur,Kurigram,Chilmari,Ramna
Rangpur,Kurigram,Chilmari,Chilmari
Rangpur,Kurigram,Chilmari,Austomirchar
Rangpur,Kurigram,Rowmari,Dadevanga
Rangpur,Kurigram,Rowmari,Shoulemari
Rangpur,Kurigram,Rowmari,Bondober
Rangpur,Kurigram,Rowmari,Rowmari
Rangpur,Kurigram,Rowmari,Jadurchar
Rangpur,Kurigram,Charrajibpur,Rajibpur
Rangpur,Kurigram,Charrajibpur,Kodalkati
Rangpur,Kurigram,Charrajibpur,Mohongonj
Mymensingh,Sherpur,Sherpur Sadar,Kamararchor
Mymensingh,Sherpur,Sherpur Sadar,Chorsherpur
Mymensingh,Sherpur,Sherpur Sadar,Bajitkhila
Mymensingh,Sherpur,Sherpur Sadar,Gajir Khamar
Mymensingh,Sherpur,Sherpur Sadar,Dhola
Mymensingh,Sherpur,Sherpur Sadar,Pakuriya
Mymensingh,Sherpur,Sherpur Sadar,Vatshala
Mymensingh,Sherpur,Sherpur Sadar,Losmonpur
Mymensingh,Sherpur,Sherpur Sadar,Rouha
Mymensingh,Sherpur,Sherpur Sadar,Kamariya
Mymensingh,Sherpur,Sherpur Sadar,Chor Mochoriya
Mymensingh,Sherpur,Sherpur Sadar,Chorpokhimari
Mymensingh,Sherpur,Sherpur Sadar,Betmari Ghughurakandi
Mymensingh,Sherpur,Sherpur Sadar,Balairchar
Mymensingh,Sherpur,Nalitabari,Puraga
Mymensingh,Sherpur,Nalitabari,Nonni
Mymensingh,Sherpur,Nalitabari,Morichpuran
Mymensingh,Sherpur,Nalitabari,Rajnogor
Mymensingh,Sherpur,Nalitabari,Nayabil
Mymensingh,Sherpur,Nalitabari,Ramchondrokura
Mymensingh,Sherpur,Nalitabari,Kakorkandhi
Mymensingh,Sherpur,Nalitabari,Nalitabari
Mymensingh,Sherpur,Nalitabari,Juganiya
Mymensingh,Sherpur,Nalitabari,Bagber
Mymensingh,Sherpur,Nalitabari,Koloshpar
Mymensingh,Sherpur,Nalitabari,Rupnarayankura
Mymensingh,Sherpur,Sreebordi,Ranishimul
Mymensingh,Sherpur,Sreebordi,Singabaruna
Mymensingh,Sherpur,Sreebordi,Kakilakura
Mymensingh,Sherpur,Sreebordi,Tatihati
Mymensingh,Sherpur,Sreebordi,Gosaipur
Mymensingh,Sherpur,Sreebordi,Sreebordi
Mymensingh,Sherpur,Sreebordi,Bhelua
Mymensingh,Sherpur,Sreebordi,Kharia Kazirchar
Mymensingh,Sherpur,Sreebordi,Kurikahonia
Mymensingh,Sherpur,Sreebordi,Garjaripa
Mymensingh,Sherpur,Nokla,Gonopoddi
Mymensingh,Sherpur,Nokla,Nokla
Mymensingh,Sherpur,Nokla,Urpha
Mymensingh,Sherpur,Nokla,Gourdwar
Mymensingh,Sherpur,Nokla,Baneshwardi
Mymensingh,Sherpur,Nokla,Pathakata
Mymensingh,Sherpur,Nokla,Talki
Mymensingh,Sherpur,Nokla,Choraustadhar
Mymensingh,Sherpur,Nokla,Chandrakona
Mymensingh,Sherpur,Jhenaigati,Kansa
Mymensingh,Sherpur,Jhenaigati,Dansail
Mymensingh,Sherpur,Jhenaigati,Nolkura
Mymensingh,Sherpur,Jhenaigati,Gouripur
Mymensingh,Sherpur,Jhenaigati,Jhenaigati
Mymensingh,Sherpur,Jhenaigati,Hatibandha
Mymensingh,Sherpur,Jhenaigati,Malijhikanda
Mymensingh,Mymensingh,Fulbaria,Deukhola
Mymensingh,Mymensingh,Fulbaria,Naogaon
Mymensingh,Mymensingh,Fulbaria,Putijana
Mymensingh,Mymensingh,Fulbaria,Kushmail
Mymensingh,Mymensingh,Fulbaria,Fulbaria
Mymensingh,Mymensingh,Fulbaria,Bakta
Mymensingh,Mymensingh,Fulbaria,Rangamatia
Mymensingh,Mymensingh,Fulbaria,Enayetpur
Mymensingh,Mymensingh,Fulbaria,Kaladaha
Mymensingh,Mymensingh,Fulbaria,Radhakanai
Mymensingh,Mymensingh,Fulbaria,Asimpatuli
Mymensingh,Mymensingh,Fulbaria,Vobanipur
Mymensingh,Mymensingh,Fulbaria,Balian
Mymensingh,Mymensingh,Trishal,Dhanikhola
Mymensingh,Mymensingh,Trishal,Bailor
Mymensingh,Mymensingh,Trishal,Kanthal
Mymensingh,Mymensingh,Trishal,Kanihari
Mymensingh,Mymensingh,Trishal,Trishal
Mymensingh,Mymensingh,Trishal,Harirampur
Mymensingh,Mymensingh,Trishal,Sakhua
Mymensingh,Mymensingh,Trishal,Balipara
Mymensingh,Mymensingh,Trishal,Mokshapur
Mymensingh,Mymensingh,Trishal,Mathbari
Mymensingh,Mymensingh,Trishal,Amirabari
Mymensingh,Mymensingh,Trishal,Rampur
Mymensingh,Mymensingh,Bhaluka,Uthura
Mymensingh,Mymensingh,Bhaluka,Meduari
Mymensingh,Mymensingh,Bhaluka,Varadoba
Mymensingh,Mymensingh,Bhaluka,Dhitpur
Mymensingh,Mymensingh,Bhaluka,Dakatia
Mymensingh,Mymensingh,Bhaluka,Birunia
Mymensingh,Mymensingh,Bhaluka,Bhaluka
Mymensingh,Mymensingh,Bhaluka,Mallikbari
Mymensingh,Mymensingh,Bhaluka,Kachina
Mymensingh,Mymensingh,Bhaluka,Habirbari
Mymensingh,Mymensingh,Bhaluka,Rajoi
Mymensingh,Mymensingh,Muktagacha,Dulla
Mymensingh,Mymensingh,Muktagacha,Borogram
Mymensingh,Mymensingh,Muktagacha,Tarati
Mymensingh,Mymensingh,Muktagacha,Kumargata
Mymensingh,Mymensingh,Muktagacha,Basati
Mymensingh,Mymensingh,Muktagacha,Mankon
Mymensingh,Mymensingh,Muktagacha,Ghoga
Mymensingh,Mymensingh,Muktagacha,Daogaon
Mymensingh,Mymensingh,Muktagacha,Kashimpur
Mymensingh,Mymensingh,Muktagacha,Kheruajani
Mymensingh,Mymensingh,Mymensingh Sadar,Austadhar
Mymensingh,Mymensingh,Mymensingh Sadar,Bororchar
Mymensingh,Mymensingh,Mymensingh Sadar,Dapunia
Mymensingh,Mymensingh,Mymensingh Sadar,Aqua
Mymensingh,Mymensingh,Mymensingh Sadar,Khagdohor
Mymensingh,Mymensingh,Mymensingh Sadar,Charnilaxmia
Mymensingh,Mymensingh,Mymensingh Sadar,Kushtia
Mymensingh,Mymensingh,Mymensingh Sadar,Paranganj
Mymensingh,Mymensingh,Mymensingh Sadar,Sirta
Mymensingh,Mymensingh,Mymensingh Sadar,Char Ishwardia
Mymensingh,Mymensingh,Mymensingh Sadar,Ghagra
Mymensingh,Mymensingh,Mymensingh Sadar,Vabokhali
Mymensingh,Mymensingh,Mymensingh Sadar,Boyra
Mymensingh,Mymensingh,Dhobaura,Dakshin Maijpara
Mymensingh,Mymensingh,Dhobaura,Gamaritola
Mymensingh,Mymensingh,Dhobaura,Dhobaura
Mymensingh,Mymensingh,Dhobaura,Porakandulia
Mymensingh,Mymensingh,Dhobaura,Goatala
Mymensingh,Mymensingh,Dhobaura,Ghoshgaon
Mymensingh,Mymensingh,Dhobaura,Baghber
Mymensingh,Mymensingh,Phulpur,Rambhadrapur
Mymensingh,Mymensingh,Phulpur,Sondhara
Mymensingh,Mymensingh,Phulpur,Vaitkandi
Mymensingh,Mymensingh,Phulpur,Singheshwar
Mymensingh,Mymensingh,Phulpur,Phulpur
Mymensingh,Mymensingh,Tarakanda,Banihala
Mymensingh,Mymensingh,Tarakanda,Biska
Mymensingh,Mymensingh,Phulpur,Baola
Mymensingh,Mymensingh,Phulpur,Payari
Mymensingh,Mymensingh,Phulpur,Balia
Mymensingh,Mymensingh,Phulpur,Rahimganj
Mymensingh,Mymensingh,Tarakanda,Balikha
Mymensingh,Mymensingh,Tarakanda,Kakni
Mymensingh,Mymensingh,Tarakanda,Dhakua
Mymensingh,Mymensingh,Phulpur,Rupasi
Mymensingh,Mymensingh,Tarakanda,Tarakanda
Mymensingh,Mymensingh,Tarakanda,Galagaon
Mymensingh,Mymensingh,Tarakanda,Kamargaon
Mymensingh,Mymensingh,Tarakanda,Kamaria
Mymensingh,Mymensingh,Tarakanda,Rampur
Mymensingh,Mymensingh,Haluaghat,Bhubankura
Mymensingh,Mymensingh,Haluaghat,Jugli
Mymensingh,Mymensingh,Haluaghat,Kaichapur
Mymensingh,Mymensingh,Haluaghat,Haluaghat
Mymensingh,Mymensingh,Haluaghat,Gazirbhita
Mymensingh,Mymensingh,Haluaghat,Bildora
Mymensingh,Mymensingh,Haluaghat,Sakuai
Mymensingh,Mymensingh,Haluaghat,Narail
Mymensingh,Mymensingh,Haluaghat,Dhara
Mymensingh,Mymensingh,Haluaghat,Dhurail
Mymensingh,Mymensingh,Haluaghat,Amtoil
Mymensingh,Mymensingh,Haluaghat,Swadeshi
Mymensingh,Mymensingh,Gouripur,Sahanati
Mymensingh,Mymensingh,Gouripur,Achintapur
Mymensingh,Mymensingh,Gouripur,Mailakanda
Mymensingh,Mymensingh,Gouripur,Bokainagar
Mymensingh,Mymensingh,Gouripur,Gouripur
Mymensingh,Mymensingh,Gouripur,Maoha
Mymensingh,Mymensingh,Gouripur,Ramgopalpur
Mymensingh,Mymensingh,Gouripur,Douhakhola
Mymensingh,Mymensingh,Gouripur,Bhangnamari
Mymensingh,Mymensingh,Gouripur,Sidhla
Mymensingh,Mymensingh,Gafargaon,Rasulpur
Mymensingh,Mymensingh,Gafargaon,Barobaria
Mymensingh,Mymensingh,Gafargaon,Charalgi
Mymensingh,Mymensingh,Gafargaon,Saltia
Mymensingh,Mymensingh,Gafargaon,Raona
Mymensingh,Mymensingh,Gafargaon,Longair
Mymensingh,Mymensingh,Gafargaon,Paithol
Mymensingh,Mymensingh,Gafargaon,Gafargaon
Mymensingh,Mymensingh,Gafargaon,Josora
Mymensingh,Mymensingh,Gafargaon,Moshakhali
Mymensingh,Mymensingh,Gafargaon,Panchbagh
Mymensingh,Mymensingh,Gafargaon,Usthi
Mymensingh,Mymensingh,Gafargaon,Dotterbazar
Mymensingh,Mymensingh,Gafargaon,Niguari
Mymensingh,Mymensingh,Gafargaon,Tangabo
Mymensingh,Mymensingh,Iswarganj,Iswarganj
Mymensingh,Mymensingh,Iswarganj,Sarisha
Mymensingh,Mymensingh,Iswarganj,Sohagi
Mymensingh,Mymensingh,Iswarganj,Atharabari
Mymensingh,Mymensingh,Iswarganj,Rajibpur
Mymensingh,Mymensingh,Iswarganj,Maijbagh
Mymensingh,Mymensingh,Iswarganj,Magtula
Mymensingh,Mymensingh,Iswarganj,Jatia
Mymensingh,Mymensingh,Iswarganj,Uchakhila
Mymensingh,Mymensingh,Iswarganj,Tarundia
Mymensingh,Mymensingh,Iswarganj,Barahit
Mymensingh,Mymensingh,Nandail,Batagoir
Mymensingh,Mymensingh,Nandail,Nandail
Mymensingh,Mymensingh,Nandail,Chandipasha
Mymensingh,Mymensingh,Nandail,Gangail
Mymensingh,Mymensingh,Nandail,Rajgati
Mymensingh,Mymensingh,Nandail,Muajjempur
Mymensingh,Mymensingh,Nandail,Sherpur
Mymensingh,Mymensingh,Nandail,Singroil
Mymensingh,Mymensingh,Nandail,Achargaon
Mymensingh,Mymensingh,Nandail,Mushulli
Mymensingh,Mymensingh,Nandail,Kharua
Mymensingh,Mymensingh,Nandail,Jahangirpur
Mymensingh,Jamalpur,Jamalpur Sadar,Kendua
Mymensingh,Jamalpur,Jamalpur Sadar,Sharifpur
Mymensingh,Jamalpur,Jamalpur Sadar,Laxirchar
Mymensingh,Jamalpur,Jamalpur Sadar,Tolshirchar
Mymensingh,Jamalpur,Jamalpur Sadar,Itail
Mymensingh,Jamalpur,Jamalpur Sadar,Narundi
Mymensingh,Jamalpur,Jamalpur Sadar,Ghorada
Mymensingh,Jamalpur,Jamalpur Sadar,Bashchara
Mymensingh,Jamalpur,Jamalpur Sadar,Ranagacha
Mymensingh,Jamalpur,Jamalpur Sadar,Sheepur
Mymensingh,Jamalpur,Jamalpur Sadar,Shahbajpur
Mymensingh,Jamalpur,Jamalpur Sadar,Titpalla
Mymensingh,Jamalpur,Jamalpur Sadar,Mesta
Mymensingh,Jamalpur,Jamalpur Sadar,Digpait
Mymensingh,Jamalpur,Jamalpur Sadar,Rashidpur
Mymensingh,Jamalpur,Melandah,Durmot
Mymensingh,Jamalpur,Melandah,Kulia
Mymensingh,Jamalpur,Melandah,Mahmudpur
Mymensingh,Jamalpur,Melandah,Nangla
Mymensingh,Jamalpur,Melandah,Nayanagar
Mymensingh,Jamalpur,Melandah,Adra
Mymensingh,Jamalpur,Melandah,Charbani Pakuria
Mymensingh,Jamalpur,Melandah,Fulkucha
Mymensingh,Jamalpur,Melandah,Ghuserpara
Mymensingh,Jamalpur,Melandah,Jhaugara
Mymensingh,Jamalpur,Melandah,Shuampur
Mymensingh,Jamalpur,Islampur,Kulkandi
Mymensingh,Jamalpur,Islampur,Belghacha
Mymensingh,Jamalpur,Islampur,Chinaduli
Mymensingh,Jamalpur,Islampur,Shapdari
Mymensingh,Jamalpur,Islampur,Noarpara
Mymensingh,Jamalpur,Islampur,Islampur
Mymensingh,Jamalpur,Islampur,Partharshi
Mymensingh,Jamalpur,Islampur,Palabandha
Mymensingh,Jamalpur,Islampur,Gualerchar
Mymensingh,Jamalpur,Islampur,Gaibandha
Mymensingh,Jamalpur,Islampur,Charputimari
Mymensingh,Jamalpur,Islampur,Chargualini
Mymensingh,Jamalpur,Dewangonj,Dungdhara
Mymensingh,Jamalpur,Dewangonj,Char Amkhawa
Mymensingh,Jamalpur,Dewangonj,Parram Rampur
Mymensingh,Jamalpur,Dewangonj,Hatibanga
Mymensingh,Jamalpur,Dewangonj,Bahadurabad
Mymensingh,Jamalpur,Dewangonj,Chikajani
Mymensingh,Jamalpur,Dewangonj,Chukaibari
Mymensingh,Jamalpur,Dewangonj,Dewangonj
Mymensingh,Jamalpur,Sarishabari,Satpoa
Mymensingh,Jamalpur,Sarishabari,Pogaldigha
Mymensingh,Jamalpur,Sarishabari,Doail
Mymensingh,Jamalpur,Sarishabari,Aona
Mymensingh,Jamalpur,Sarishabari,Pingna
Mymensingh,Jamalpur,Sarishabari,Bhatara
Mymensingh,Jamalpur,Sarishabari,Kamrabad
Mymensingh,Jamalpur,Sarishabari,Mahadan
Mymensingh,Jamalpur,Madarganj,Char Pakerdah
Mymensingh,Jamalpur,Madarganj,Karaichara
Mymensingh,Jamalpur,Madarganj,Gunaritala
Mymensingh,Jamalpur,Madarganj,Balijuri
Mymensingh,Jamalpur,Madarganj,Jorekhali
Mymensingh,Jamalpur,Madarganj,Adarvita
Mymensingh,Jamalpur,Madarganj,Sidhuli
Mymensingh,Jamalpur,Bokshiganj,Danua
Mymensingh,Jamalpur,Bokshiganj,Bagarchar
Mymensingh,Jamalpur,Bokshiganj,Battajore
Mymensingh,Jamalpur,Bokshiganj,Shadurpara
Mymensingh,Jamalpur,Bokshiganj,Bakshigonj
Mymensingh,Jamalpur,Bokshiganj,Nilakhia
Mymensingh,Jamalpur,Bokshiganj,Merurchar
Mymensingh,Netrokona,Barhatta,Asma
Mymensingh,Netrokona,Barhatta,Chhiram
Mymensingh,Netrokona,Barhatta,Baushi
Mymensingh,Netrokona,Barhatta,Barhatta
Mymensingh,Netrokona,Barhatta,Raypur
Mymensingh,Netrokona,Barhatta,Sahata
Mymensingh,Netrokona,Barhatta,Singdha
Mymensingh,Netrokona,Durgapur,Durgapur
Mymensingh,Netrokona,Durgapur,Kakoirgora
Mymensingh,Netrokona,Durgapur,Kullagora
Mymensingh,Netrokona,Durgapur,Chandigarh
Mymensingh,Netrokona,Durgapur,Birisiri
Mymensingh,Netrokona,Durgapur,Bakaljora
Mymensingh,Netrokona,Durgapur,Gawkandia
Mymensingh,Netrokona,Kendua,Asujia
Mymensingh,Netrokona,Kendua,Dalpa
Mymensingh,Netrokona,Kendua,Goraduba
Mymensingh,Netrokona,Kendua,Gonda
Mymensingh,Netrokona,Kendua,Sandikona
Mymensingh,Netrokona,Kendua,Maska
Mymensingh,Netrokona,Kendua,Bolaishimul
Mymensingh,Netrokona,Kendua,Noapara
Mymensingh,Netrokona,Kendua,Kandiura
Mymensingh,Netrokona,Kendua,Chirang
Mymensingh,Netrokona,Kendua,Roailbari Amtala
Mymensingh,Netrokona,Kendua,Paikura
Mymensingh,Netrokona,Kendua,Muzafarpur
Mymensingh,Netrokona,Atpara,Shormushia
Mymensingh,Netrokona,Atpara,Shunoi
Mymensingh,Netrokona,Atpara,Lunesshor
Mymensingh,Netrokona,Atpara,Baniyajan
Mymensingh,Netrokona,Atpara,Teligati
Mymensingh,Netrokona,Atpara,Duoj
Mymensingh,Netrokona,Atpara,Sukhari
Mymensingh,Netrokona,Madan,Fathepur
Mymensingh,Netrokona,Madan,Nayekpur
Mymensingh,Netrokona,Madan,Teosree
Mymensingh,Netrokona,Madan,Magan
Mymensingh,Netrokona,Madan,Gobindasree
Mymensingh,Netrokona,Madan,Madan
Mymensingh,Netrokona,Madan,Chandgaw
Mymensingh,Netrokona,Madan,Kytail
Mymensingh,Netrokona,Khaliajuri,Krishnapur
Mymensingh,Netrokona,Khaliajuri,Nogor
Mymensingh,Netrokona,Khaliajuri,Chakua
Mymensingh,Netrokona,Khaliajuri,Khaliajuri
Mymensingh,Netrokona,Khaliajuri,Mendipur
Mymensingh,Netrokona,Khaliajuri,Gazipur
Mymensingh,Netrokona,Kalmakanda,Koilati
Mymensingh,Netrokona,Kalmakanda,Najirpur
Mymensingh,Netrokona,Kalmakanda,Pogla
Mymensingh,Netrokona,Kalmakanda,Kolmakanda
Mymensingh,Netrokona,Kalmakanda,Rongchati
Mymensingh,Netrokona,Kalmakanda,Lengura
Mymensingh,Netrokona,Kalmakanda,Borokhapon
Mymensingh,Netrokona,Kalmakanda,Kharnoi
Mymensingh,Netrokona,Mohongonj,Borokashia Birampur
Mymensingh,Netrokona,Mohongonj,Borotoli Banihari
Mymensingh,Netrokona,Mohongonj,Tetulia
Mymensingh,Netrokona,Mohongonj,Maghan Siadar
Mymensingh,Netrokona,Mohongonj,Somaj Sohildeo
Mymensingh,Netrokona,Mohongonj,Suair
Mymensingh,Netrokona,Mohongonj,Gaglajur
Mymensingh,Netrokona,Purbadhala,Khalishaur
Mymensingh,Netrokona,Purbadhala,Ghagra
Mymensingh,Netrokona,Purbadhala,Jaria
Mymensingh,Netrokona,Purbadhala,Narandia
Mymensingh,Netrokona,Purbadhala,Bishkakuni
Mymensingh,Netrokona,Purbadhala,Bairaty
Mymensingh,Netrokona,Purbadhala,Hogla
Mymensingh,Netrokona,Purbadhala,Gohalakanda
Mymensingh,Netrokona,Purbadhala,Dhalamulgaon
Mymensingh,Netrokona,Purbadhala,Agia
Mymensingh,Netrokona,Purbadhala,Purbadhala
Mymensingh,Netrokona,Netrokona Sadar,Chollisha
Mymensingh,Netrokona,Netrokona Sadar,Kailati
Mymensingh,Netrokona,Netrokona Sadar,Dokkhin Bishiura
Mymensingh,Netrokona,Netrokona Sadar,Modonpur
Mymensingh,Netrokona,Netrokona Sadar,Amtola
Mymensingh,Netrokona,Netrokona Sadar,Lokkhiganj
Mymensingh,Netrokona,Netrokona Sadar,Singher Bangla
Mymensingh,Netrokona,Netrokona Sadar,Thakurakona
Mymensingh,Netrokona,Netrokona Sadar,Mougati
Mymensingh,Netrokona,Netrokona Sadar,Rouha
Mymensingh,Netrokona,Netrokona Sadar,Medni
Mymensingh,Netrokona,Netrokona Sadar,Kaliara Babragati
